Class,Module Category,Source,Binding,Status Legend,Python Naming Note,Class Note
LabelTranslationManager,Parsing,reference/upstream_isis/src/base/objs/LabelTranslationManager/LabelTranslationManager.h,src/base/bind_base_pvl.cpp,Y = converted; N = not converted; Partial = partially converted,Converted entries use the current Python name; unconverted entries use the proposed Python name,2026-07-24 ISIS 10仅移除未使用的PvlTokenizer include；公开抽象接口与Python继承链不变；双版本PVL测试及smoke通过

Group,C++ Method/Content,Python Class/Function Name,Converted,Notes
Class Symbol,LabelTranslationManager,isis_pybind.LabelTranslationManager,Y,Registered as non-instantiable abstract base
Construction/Enum,LabelTranslationManager(),N,Abstract; not exposed to Python
Construction/Enum,LabelTranslationManager(const QString &transFile),N,Abstract; not exposed
Construction/Enum,LabelTranslationManager(std::istream &),N,Abstract; not exposed
Public API,virtual QString Translate(QString translationGroupName int findex) = 0,N,Pure virtual; implemented in concrete subclasses
Public API,virtual void Auto(Pvl &outputLabel),isis_pybind.LabelTranslationManager.auto_translate,Y,Exposed for subclass use
Public API,virtual QStringList parseSpecification(QString) const,isis_pybind.LabelTranslationManager.parse_specification,Y,Returns list[str]
Protected API,virtual PvlKeyword DoTranslation(const QString),N,Protected; internal
Protected API,"virtual PvlContainer *CreateContainer(const QString, Pvl &)",N,Protected; internal
Python Protocol,__repr__,isis_pybind.LabelTranslationManager.__repr__,Y,LabelTranslationManager()
