overall_rank,app,module,portability_score,importance_score,combined_score,recommended_wave,current_manifest,source_files,source_lines,detected_blockers,importance_reason,source_dir
1,automos,base,5,5,55,W0-current-batch,yes,3,220,none,核心导航制图、几何或控制网能力,isis/src/base/apps/automos
2,caminfo,base,5,5,55,W0-current-batch,yes,5,1588,none,核心导航制图、几何或控制网能力,isis/src/base/apps/caminfo
3,campt,base,5,5,55,W0-current-batch,yes,3,310,none,核心导航制图、几何或控制网能力,isis/src/base/apps/campt
4,camrange,base,5,5,55,W0-current-batch,yes,3,149,none,核心导航制图、几何或控制网能力,isis/src/base/apps/camrange
5,footprintinit,base,5,5,55,W0-current-batch,yes,3,191,none,核心导航制图、几何或控制网能力,isis/src/base/apps/footprintinit
6,footprintmerge,base,5,5,55,W0-current-batch,yes,1,162,none,核心导航制图、几何或控制网能力,isis/src/base/apps/footprintmerge
7,map2map,base,5,5,55,W0-current-batch,yes,3,691,none,核心导航制图、几何或控制网能力,isis/src/base/apps/map2map
8,mapmos,base,5,5,55,W0-current-batch,yes,3,154,none,核心导航制图、几何或控制网能力,isis/src/base/apps/mapmos
9,mappt,base,5,5,55,W0-current-batch,yes,3,479,none,核心导航制图、几何或控制网能力,isis/src/base/apps/mappt
10,maptemplate,base,5,5,55,W0-current-batch,yes,1,692,none,核心导航制图、几何或控制网能力,isis/src/base/apps/maptemplate
11,mosrange,base,5,5,55,W0-current-batch,yes,3,366,none,核心导航制图、几何或控制网能力,isis/src/base/apps/mosrange
12,spicefit,base,5,5,55,W0-current-batch,yes,1,60,none,核心导航制图、几何或控制网能力,isis/src/base/apps/spicefit
13,jigsaw,control,5,5,55,W0-current-batch,yes,3,951,none,核心导航制图、几何或控制网能力,isis/src/control/apps/jigsaw
14,cam2map,base,3,5,53,W0-current-batch,yes,3,898,external_process,核心导航制图、几何或控制网能力,isis/src/base/apps/cam2map
15,spiceinit,base,3,5,53,W0-current-batch,yes,7,1584,posix_api,核心导航制图、几何或控制网能力,isis/src/base/apps/spiceinit
16,pointreg,control,3,5,53,W0-current-batch,yes,3,890,posix_api,核心导航制图、几何或控制网能力,isis/src/control/apps/pointreg
17,findfeatures,control,1,5,51,W5-blocked-or-specialized,no,79,13384,external_process;large_source;optional_stack,核心导航制图、几何或控制网能力,isis/src/control/apps/findfeatures
18,ascii2isis,base,5,4,45,W0-current-batch,yes,1,166,none,常用数据处理、导入导出或任务支撑能力,isis/src/base/apps/ascii2isis
19,camstats,base,5,4,45,W0-current-batch,yes,3,259,none,常用数据处理、导入导出或任务支撑能力,isis/src/base/apps/camstats
20,catlab,base,5,4,45,W0-current-batch,yes,1,45,none,常用数据处理、导入导出或任务支撑能力,isis/src/base/apps/catlab
21,crop,base,5,4,45,W0-current-batch,yes,3,383,none,常用数据处理、导入导出或任务支撑能力,isis/src/base/apps/crop
22,cubeatt,base,5,4,45,W0-current-batch,yes,3,93,none,常用数据处理、导入导出或任务支撑能力,isis/src/base/apps/cubeatt
23,cubediff,base,5,4,45,W0-current-batch,yes,3,743,none,常用数据处理、导入导出或任务支撑能力,isis/src/base/apps/cubediff
24,cubeit,base,5,4,45,W0-current-batch,yes,3,276,none,常用数据处理、导入导出或任务支撑能力,isis/src/base/apps/cubeit
25,dsk2isis,base,5,4,45,W0-current-batch,yes,1,143,none,常用数据处理、导入导出或任务支撑能力,isis/src/base/apps/dsk2isis
26,findimageoverlaps,base,5,4,45,W0-current-batch,yes,3,123,none,常用数据处理、导入导出或任务支撑能力,isis/src/base/apps/findimageoverlaps
27,fits2isis,base,5,4,45,W0-current-batch,yes,3,86,none,常用数据处理、导入导出或任务支撑能力,isis/src/base/apps/fits2isis
28,fx,base,5,4,45,W0-current-batch,yes,1,131,none,常用数据处理、导入导出或任务支撑能力,isis/src/base/apps/fx
29,getkey,base,5,4,45,W0-current-batch,yes,1,138,none,常用数据处理、导入导出或任务支撑能力,isis/src/base/apps/getkey
30,isis2fits,base,5,4,45,W0-current-batch,yes,1,256,none,常用数据处理、导入导出或任务支撑能力,isis/src/base/apps/isis2fits
31,isis2pds,base,5,4,45,W0-current-batch,yes,3,272,none,常用数据处理、导入导出或任务支撑能力,isis/src/base/apps/isis2pds
32,isis2std,base,5,4,45,W0-current-batch,yes,3,199,none,常用数据处理、导入导出或任务支撑能力,isis/src/base/apps/isis2std
33,makecube,base,5,4,45,W0-current-batch,yes,1,103,none,常用数据处理、导入导出或任务支撑能力,isis/src/base/apps/makecube
34,map2cam,base,5,4,45,W0-current-batch,yes,3,190,none,常用数据处理、导入导出或任务支撑能力,isis/src/base/apps/map2cam
35,mapgrid,base,5,4,45,W0-current-batch,yes,1,256,none,常用数据处理、导入导出或任务支撑能力,isis/src/base/apps/mapgrid
36,maplab,base,5,4,45,W0-current-batch,yes,1,122,none,常用数据处理、导入导出或任务支撑能力,isis/src/base/apps/maplab
37,maptrim,base,5,4,45,W0-current-batch,yes,3,197,none,常用数据处理、导入导出或任务支撑能力,isis/src/base/apps/maptrim
38,pds2isis,base,5,4,45,W0-current-batch,yes,3,115,none,常用数据处理、导入导出或任务支撑能力,isis/src/base/apps/pds2isis
39,raw2isis,base,5,4,45,W0-current-batch,yes,1,44,none,常用数据处理、导入导出或任务支撑能力,isis/src/base/apps/raw2isis
40,reduce,base,5,4,45,W0-current-batch,yes,3,129,none,常用数据处理、导入导出或任务支撑能力,isis/src/base/apps/reduce
41,stats,base,5,4,45,W0-current-batch,yes,3,232,none,常用数据处理、导入导出或任务支撑能力,isis/src/base/apps/stats
42,std2isis,base,5,4,45,W0-current-batch,yes,3,61,none,常用数据处理、导入导出或任务支撑能力,isis/src/base/apps/std2isis
43,table2cube,base,5,4,45,W0-current-batch,yes,1,74,none,常用数据处理、导入导出或任务支撑能力,isis/src/base/apps/table2cube
44,tabledump,base,5,4,45,W0-current-batch,yes,1,197,none,常用数据处理、导入导出或任务支撑能力,isis/src/base/apps/tabledump
45,autoseed,control,5,4,45,W0-current-batch,yes,3,569,none,常用数据处理、导入导出或任务支撑能力,isis/src/control/apps/autoseed
46,cnetadd,control,5,4,45,W0-current-batch,yes,1,418,none,常用数据处理、导入导出或任务支撑能力,isis/src/control/apps/cnetadd
47,cnetcheck,control,5,4,45,W0-current-batch,yes,3,745,none,常用数据处理、导入导出或任务支撑能力,isis/src/control/apps/cnetcheck
48,cnetdiff,control,5,4,45,W0-current-batch,yes,3,425,none,常用数据处理、导入导出或任务支撑能力,isis/src/control/apps/cnetdiff
49,cnetedit,control,5,4,45,W0-current-batch,yes,3,1223,none,常用数据处理、导入导出或任务支撑能力,isis/src/control/apps/cnetedit
50,cnetextract,control,5,4,45,W0-current-batch,yes,3,935,none,常用数据处理、导入导出或任务支撑能力,isis/src/control/apps/cnetextract
51,cnethist,control,5,4,45,W0-current-batch,yes,1,242,none,常用数据处理、导入导出或任务支撑能力,isis/src/control/apps/cnethist
52,cnetmerge,control,5,4,45,W0-current-batch,yes,1,542,none,常用数据处理、导入导出或任务支撑能力,isis/src/control/apps/cnetmerge
53,cnetref,control,5,4,45,W0-current-batch,yes,7,1473,none,常用数据处理、导入导出或任务支撑能力,isis/src/control/apps/cnetref
54,cnetstats,control,5,4,45,W0-current-batch,yes,3,287,none,常用数据处理、导入导出或任务支撑能力,isis/src/control/apps/cnetstats
55,lronac2isis,lro,4,4,44,W0-current-batch,yes,3,289,mission_runtime_data,常用数据处理、导入导出或任务支撑能力,isis/src/lro/apps/lronac2isis
56,lronaccal,lro,4,4,44,W0-current-batch,yes,3,963,mission_runtime_data,常用数据处理、导入导出或任务支撑能力,isis/src/lro/apps/lronaccal
57,lronacecho,lro,4,4,44,W0-current-batch,yes,1,153,mission_runtime_data,常用数据处理、导入导出或任务支撑能力,isis/src/lro/apps/lronacecho
58,lrowac2isis,lro,4,4,44,W0-current-batch,yes,3,883,mission_runtime_data,常用数据处理、导入导出或任务支撑能力,isis/src/lro/apps/lrowac2isis
59,lrowaccal,lro,4,4,44,W0-current-batch,yes,3,828,mission_runtime_data,常用数据处理、导入导出或任务支撑能力,isis/src/lro/apps/lrowaccal
60,hrsc2isis,mex,4,4,44,W0-current-batch,yes,3,378,mission_runtime_data,常用数据处理、导入导出或任务支撑能力,isis/src/mex/apps/hrsc2isis
61,qmos,qisis,2,4,42,W5-GUI,no,1,45,posix_api;qt_gui,常用数据处理、导入导出或任务支撑能力,isis/src/qisis/apps/qmos
62,qnet,qisis,2,4,42,W5-GUI,no,1,283,posix_api;qt_gui,常用数据处理、导入导出或任务支撑能力,isis/src/qisis/apps/qnet
63,qview,qisis,2,4,42,W5-GUI,no,1,302,posix_api;qt_gui,常用数据处理、导入导出或任务支撑能力,isis/src/qisis/apps/qview
64,bandtrim,base,5,3,35,W0-current-batch,yes,3,115,none,通用处理或基础设施能力,isis/src/base/apps/bandtrim
65,barscale,base,5,3,35,W0-current-batch,yes,1,511,none,通用处理或基础设施能力,isis/src/base/apps/barscale
66,camtrim,base,5,3,35,W0-current-batch,yes,1,110,none,通用处理或基础设施能力,isis/src/base/apps/camtrim
67,cathist,base,5,3,35,W0-current-batch,yes,1,99,none,通用处理或基础设施能力,isis/src/base/apps/cathist
68,cropspecial,base,5,3,35,W0-current-batch,yes,1,159,none,通用处理或基础设施能力,isis/src/base/apps/cropspecial
69,cubeavg,base,5,3,35,W0-current-batch,yes,1,161,none,通用处理或基础设施能力,isis/src/base/apps/cubeavg
70,cubefunc,base,5,3,35,W0-current-batch,yes,1,197,none,通用处理或基础设施能力,isis/src/base/apps/cubefunc
71,cubenorm,base,5,3,35,W0-current-batch,yes,3,747,none,通用处理或基础设施能力,isis/src/base/apps/cubenorm
72,decorstretch,base,5,3,35,W0-current-batch,yes,1,124,none,通用处理或基础设施能力,isis/src/base/apps/decorstretch
73,divfilter,base,5,3,35,W0-current-batch,yes,1,56,none,通用处理或基础设施能力,isis/src/base/apps/divfilter
74,fakecube,base,5,3,35,W0-current-batch,yes,1,77,none,通用处理或基础设施能力,isis/src/base/apps/fakecube
75,gaussstretch,base,5,3,35,W0-current-batch,yes,3,82,none,通用处理或基础设施能力,isis/src/base/apps/gaussstretch
76,greyscale,base,5,3,35,W0-current-batch,yes,1,70,none,通用处理或基础设施能力,isis/src/base/apps/greyscale
77,handmos,base,5,3,35,W0-current-batch,yes,1,151,none,通用处理或基础设施能力,isis/src/base/apps/handmos
78,hist,base,5,3,35,W0-current-batch,yes,3,359,none,通用处理或基础设施能力,isis/src/base/apps/hist
79,histeq,base,5,3,35,W0-current-batch,yes,1,73,none,通用处理或基础设施能力,isis/src/base/apps/histeq
80,histmatch,base,5,3,35,W0-current-batch,yes,1,71,none,通用处理或基础设施能力,isis/src/base/apps/histmatch
81,interestcube,base,5,3,35,W0-current-batch,yes,1,89,none,通用处理或基础设施能力,isis/src/base/apps/interestcube
82,kernfilter,base,5,3,35,W0-current-batch,yes,1,88,none,通用处理或基础设施能力,isis/src/base/apps/kernfilter
83,mapsize,base,5,3,35,W0-current-batch,yes,1,70,none,通用处理或基础设施能力,isis/src/base/apps/mapsize
84,mvstats,base,5,3,35,W0-current-batch,yes,1,172,none,通用处理或基础设施能力,isis/src/base/apps/mvstats
85,nocam2map,base,5,3,35,W0-current-batch,yes,3,1119,none,通用处理或基础设施能力,isis/src/base/apps/nocam2map
86,noisefilter,base,5,3,35,W0-current-batch,yes,1,188,none,通用处理或基础设施能力,isis/src/base/apps/noisefilter
87,overlapstats,base,5,3,35,W0-current-batch,yes,3,346,none,通用处理或基础设施能力,isis/src/base/apps/overlapstats
88,phocube,base,5,3,35,W0-current-batch,yes,3,802,none,通用处理或基础设施能力,isis/src/base/apps/phocube
89,phoemplocal,base,5,3,35,W0-current-batch,yes,1,582,none,通用处理或基础设施能力,isis/src/base/apps/phoemplocal
90,photrim,base,5,3,35,W0-current-batch,yes,3,157,none,通用处理或基础设施能力,isis/src/base/apps/photrim
91,pixel2map,base,5,3,35,W0-current-batch,yes,3,587,none,通用处理或基础设施能力,isis/src/base/apps/pixel2map
92,ringsautomos,base,5,3,35,W0-current-batch,yes,3,220,none,通用处理或基础设施能力,isis/src/base/apps/ringsautomos
93,ringsmappt,base,5,3,35,W0-current-batch,yes,1,268,none,通用处理或基础设施能力,isis/src/base/apps/ringsmappt
94,sigmastretch,base,5,3,35,W0-current-batch,yes,1,83,none,通用处理或基础设施能力,isis/src/base/apps/sigmastretch
95,skymap,base,5,3,35,W0-current-batch,yes,1,400,none,通用处理或基础设施能力,isis/src/base/apps/skymap
96,slpmap,base,5,3,35,W0-current-batch,yes,1,382,none,通用处理或基础设施能力,isis/src/base/apps/slpmap
97,specdivfilter,base,5,3,35,W0-current-batch,yes,1,69,none,通用处理或基础设施能力,isis/src/base/apps/specdivfilter
98,spiceserver,base,5,3,35,W0-current-batch,yes,3,666,none,通用处理或基础设施能力,isis/src/base/apps/spiceserver
99,stretch,base,5,3,35,W0-current-batch,yes,3,126,none,通用处理或基础设施能力,isis/src/base/apps/stretch
100,svfilter,base,5,3,35,W0-current-batch,yes,1,56,none,通用处理或基础设施能力,isis/src/base/apps/svfilter
101,trim,base,5,3,35,W0-current-batch,yes,1,75,none,通用处理或基础设施能力,isis/src/base/apps/trim
102,trimfilter,base,5,3,35,W0-current-batch,yes,1,72,none,通用处理或基础设施能力,isis/src/base/apps/trimfilter
103,uncrop,base,5,3,35,W0-current-batch,yes,1,39,none,通用处理或基础设施能力,isis/src/base/apps/uncrop
104,fplanemap,control,5,3,35,W0-current-batch,yes,1,189,none,通用处理或基础设施能力,isis/src/control/apps/fplanemap
105,sumspice,control,5,3,35,W0-current-batch,yes,7,1850,none,通用处理或基础设施能力,isis/src/control/apps/sumspice
106,warp,control,5,3,35,W0-current-batch,yes,3,332,none,通用处理或基础设施能力,isis/src/control/apps/warp
107,apollo2isis,apollo,4,3,34,W0-current-batch,yes,1,410,mission_runtime_data,任务数据导入或标定能力,isis/src/apollo/apps/apollo2isis
108,apollocal,apollo,4,3,34,W0-current-batch,yes,3,126,mission_runtime_data,任务数据导入或标定能力,isis/src/apollo/apps/apollocal
109,ciss2isis,cassini,4,3,34,W0-current-batch,yes,3,501,mission_runtime_data,任务数据导入或标定能力,isis/src/cassini/apps/ciss2isis
110,vims2isis,cassini,4,3,34,W3-general-easy,no,1,541,mission_runtime_data,任务数据导入或标定能力,isis/src/cassini/apps/vims2isis
111,vimscal,cassini,4,3,34,W3-general-easy,no,2,1147,mission_runtime_data,任务数据导入或标定能力,isis/src/cassini/apps/vimscal
112,chan1m32isis,chandrayaan1,4,3,34,W3-general-easy,no,3,523,mission_runtime_data,任务数据导入或标定能力,isis/src/chandrayaan1/apps/chan1m32isis
113,clem2isis,clementine,4,3,34,W3-general-easy,no,7,2030,mission_runtime_data;platform_branch,任务数据导入或标定能力,isis/src/clementine/apps/clem2isis
114,clemhirescal,clementine,4,3,34,W0-current-batch,yes,1,119,mission_runtime_data,任务数据导入或标定能力,isis/src/clementine/apps/clemhirescal
115,clemnircal,clementine,4,3,34,W0-current-batch,yes,1,341,mission_runtime_data,任务数据导入或标定能力,isis/src/clementine/apps/clemnircal
116,clemuvviscal,clementine,4,3,34,W0-current-batch,yes,1,350,mission_runtime_data,任务数据导入或标定能力,isis/src/clementine/apps/clemuvviscal
117,eis2isis,clipper,4,3,34,W0-current-batch,yes,3,468,mission_runtime_data,任务数据导入或标定能力,isis/src/clipper/apps/eis2isis
118,dawnfc2isis,dawn,4,3,34,W0-current-batch,yes,3,237,mission_runtime_data,任务数据导入或标定能力,isis/src/dawn/apps/dawnfc2isis
119,dawnvir2isis,dawn,4,3,34,W0-current-batch,yes,1,158,mission_runtime_data,任务数据导入或标定能力,isis/src/dawn/apps/dawnvir2isis
120,gllnims2isis,galileo,4,3,34,W3-general-easy,no,1,602,mission_runtime_data,任务数据导入或标定能力,isis/src/galileo/apps/gllnims2isis
121,gllssi2isis,galileo,4,3,34,W0-current-batch,yes,1,259,mission_runtime_data,任务数据导入或标定能力,isis/src/galileo/apps/gllssi2isis
122,gllssical,galileo,4,3,34,W3-general-easy,no,3,565,mission_runtime_data,任务数据导入或标定能力,isis/src/galileo/apps/gllssical
123,amica2isis,hayabusa,4,3,34,W0-current-batch,yes,3,496,mission_runtime_data,任务数据导入或标定能力,isis/src/hayabusa/apps/amica2isis
124,nirs2isis,hayabusa,4,3,34,W3-general-easy,no,3,509,mission_runtime_data,任务数据导入或标定能力,isis/src/hayabusa/apps/nirs2isis
125,hyb2onc2isis,hayabusa2,4,3,34,W0-current-batch,yes,3,177,mission_runtime_data,任务数据导入或标定能力,isis/src/hayabusa2/apps/hyb2onc2isis
126,junocam2isis,juno,4,3,34,W0-current-batch,yes,1,443,mission_runtime_data,任务数据导入或标定能力,isis/src/juno/apps/junocam2isis
127,kaguyami2isis,kaguya,4,3,34,W3-general-easy,no,4,226,mission_runtime_data;platform_branch,任务数据导入或标定能力,isis/src/kaguya/apps/kaguyami2isis
128,kaguyasp2isis,kaguya,4,3,34,W0-current-batch,yes,1,319,mission_runtime_data,任务数据导入或标定能力,isis/src/kaguya/apps/kaguyasp2isis
129,kaguyatc2isis,kaguya,4,3,34,W0-current-batch,yes,3,348,mission_runtime_data,任务数据导入或标定能力,isis/src/kaguya/apps/kaguyatc2isis
130,mimap2isis,kaguya,4,3,34,W0-current-batch,yes,3,177,mission_runtime_data,任务数据导入或标定能力,isis/src/kaguya/apps/mimap2isis
131,lo2isis,lo,4,3,34,W0-current-batch,yes,3,227,mission_runtime_data,任务数据导入或标定能力,isis/src/lo/apps/lo2isis
132,lrolola2isis,lro,4,3,34,W0-current-batch,yes,3,214,mission_runtime_data,任务数据导入或标定能力,isis/src/lro/apps/lrolola2isis
133,mrf2isis,lro,4,3,34,W0-current-batch,yes,1,176,mission_runtime_data,任务数据导入或标定能力,isis/src/lro/apps/mrf2isis
134,mar102isis,mariner,4,3,34,W0-current-batch,yes,1,491,mission_runtime_data,任务数据导入或标定能力,isis/src/mariner/apps/mar102isis
135,mar10cal,mariner,4,3,34,W0-current-batch,yes,1,249,mission_runtime_data,任务数据导入或标定能力,isis/src/mariner/apps/mar10cal
136,mer2isis,mer,4,3,34,W0-current-batch,yes,1,126,mission_runtime_data,任务数据导入或标定能力,isis/src/mer/apps/mer2isis
137,mical,mer,4,3,34,W3-general-easy,no,3,616,mission_runtime_data,任务数据导入或标定能力,isis/src/mer/apps/mical
138,mdis2isis,messenger,4,3,34,W0-current-batch,yes,1,414,mission_runtime_data,任务数据导入或标定能力,isis/src/messenger/apps/mdis2isis
139,mdiscal,messenger,4,3,34,W3-general-easy,no,3,1246,mission_runtime_data,任务数据导入或标定能力,isis/src/messenger/apps/mdiscal
140,moccal,mgs,4,3,34,W0-current-batch,yes,3,465,mission_runtime_data,任务数据导入或标定能力,isis/src/mgs/apps/moccal
141,crism2isis,mro,4,3,34,W0-current-batch,yes,3,224,mission_runtime_data,任务数据导入或标定能力,isis/src/mro/apps/crism2isis
142,ctxcal,mro,4,3,34,W0-current-batch,yes,3,298,mission_runtime_data,任务数据导入或标定能力,isis/src/mro/apps/ctxcal
143,hi2isis,mro,4,3,34,W3-general-easy,no,5,619,mission_runtime_data,任务数据导入或标定能力,isis/src/mro/apps/hi2isis
144,hical,mro,4,3,34,W3-general-easy,no,3,598,mission_runtime_data,任务数据导入或标定能力,isis/src/mro/apps/hical
145,hirdr2isis,mro,4,3,34,W0-current-batch,yes,1,107,mission_runtime_data,任务数据导入或标定能力,isis/src/mro/apps/hirdr2isis
146,marci2isis,mro,4,3,34,W3-general-easy,no,3,562,mission_runtime_data,任务数据导入或标定能力,isis/src/mro/apps/marci2isis
147,mroctx2isis,mro,4,3,34,W0-current-batch,yes,1,322,mission_runtime_data,任务数据导入或标定能力,isis/src/mro/apps/mroctx2isis
148,msi2isis,near,4,3,34,W0-current-batch,yes,3,362,mission_runtime_data,任务数据导入或标定能力,isis/src/near/apps/msi2isis
149,leisa2isis,newhorizons,4,3,34,W0-current-batch,yes,3,351,mission_runtime_data,任务数据导入或标定能力,isis/src/newhorizons/apps/leisa2isis
150,lorri2isis,newhorizons,4,3,34,W0-current-batch,yes,3,218,mission_runtime_data,任务数据导入或标定能力,isis/src/newhorizons/apps/lorri2isis
151,mvic2isis,newhorizons,4,3,34,W0-current-batch,yes,3,390,mission_runtime_data,任务数据导入或标定能力,isis/src/newhorizons/apps/mvic2isis
152,thm2isis,odyssey,4,3,34,W0-current-batch,yes,3,296,mission_runtime_data,任务数据导入或标定能力,isis/src/odyssey/apps/thm2isis
153,ocams2isis,osirisrex,4,3,34,W0-current-batch,yes,3,138,mission_runtime_data,任务数据导入或标定能力,isis/src/osirisrex/apps/ocams2isis
154,tagcams2isis,osirisrex,4,3,34,W0-current-batch,yes,3,252,mission_runtime_data,任务数据导入或标定能力,isis/src/osirisrex/apps/tagcams2isis
155,rolo2isis,rolo,4,3,34,W0-current-batch,yes,1,93,mission_runtime_data,任务数据导入或标定能力,isis/src/rolo/apps/rolo2isis
156,rososiris2isis,rosetta,4,3,34,W0-current-batch,yes,1,178,mission_runtime_data,任务数据导入或标定能力,isis/src/rosetta/apps/rososiris2isis
157,rosvirtis2isis,rosetta,4,3,34,W3-general-easy,no,3,746,mission_runtime_data,任务数据导入或标定能力,isis/src/rosetta/apps/rosvirtis2isis
158,tgocassis2isis,tgo,4,3,34,W3-general-easy,no,3,572,mission_runtime_data,任务数据导入或标定能力,isis/src/tgo/apps/tgocassis2isis
159,vikcal,viking,4,3,34,W3-general-easy,no,5,945,mission_runtime_data,任务数据导入或标定能力,isis/src/viking/apps/vikcal
160,voy2isis,voyager,4,3,34,W3-general-easy,no,1,531,mission_runtime_data,任务数据导入或标定能力,isis/src/voyager/apps/voy2isis
161,voycal,voyager,4,3,34,W0-current-batch,yes,1,352,mission_runtime_data,任务数据导入或标定能力,isis/src/voyager/apps/voycal
162,ringscam2map,base,3,3,33,W4-medium,no,2,775,external_process,通用处理或基础设施能力,isis/src/base/apps/ringscam2map
163,cisscal,cassini,3,3,33,W4-medium,no,3,3481,large_source;mission_runtime_data,任务数据导入或标定能力,isis/src/cassini/apps/cisscal
164,amicacal,hayabusa,3,3,33,W4-medium,no,2,1175,mission_runtime_data;optional_stack,任务数据导入或标定能力,isis/src/hayabusa/apps/amicacal
165,hyb2onccal,hayabusa2,3,3,33,W4-medium,no,2,760,mission_runtime_data;optional_stack,任务数据导入或标定能力,isis/src/hayabusa2/apps/hyb2onccal
166,moc2isis,mgs,2,3,32,W5-blocked-or-specialized,no,1,323,external_process;mission_runtime_data,任务数据导入或标定能力,isis/src/mgs/apps/moc2isis
167,marcical,mro,2,3,32,W5-blocked-or-specialized,no,3,708,external_process;mission_runtime_data,任务数据导入或标定能力,isis/src/mro/apps/marcical
168,cneteditor,qisis,2,3,32,W5-GUI,no,3,1087,posix_api;qt_gui,重要交互工具，但 CLI/核心能力优先,isis/src/qisis/apps/cneteditor
169,ipce,qisis,2,3,32,W5-GUI,no,5,1330,posix_api;qt_gui,重要交互工具，但 CLI/核心能力优先,isis/src/qisis/apps/ipce
170,qtie,qisis,2,3,32,W5-GUI,no,5,1773,posix_api;qt_gui,重要交互工具，但 CLI/核心能力优先,isis/src/qisis/apps/qtie
171,vik2isis,viking,2,3,32,W5-blocked-or-specialized,no,1,262,external_process;mission_runtime_data,任务数据导入或标定能力,isis/src/viking/apps/vik2isis
172,algebra,base,5,2,25,W0-current-batch,yes,3,221,none,通用但使用频率或链路位置较低,isis/src/base/apps/algebra
173,appjit,base,5,2,25,W4-medium,no,5,1101,none,通用但使用频率或链路位置较低,isis/src/base/apps/appjit
174,autoregtemplate,base,5,2,25,W4-medium,no,1,184,none,通用但使用频率或链路位置较低,isis/src/base/apps/autoregtemplate
175,bandnorm,base,5,2,25,W4-medium,no,3,196,none,通用但使用频率或链路位置较低,isis/src/base/apps/bandnorm
176,bit2bit,base,5,2,25,W0-current-batch,yes,1,156,none,通用但使用频率或链路位置较低,isis/src/base/apps/bit2bit
177,blend,base,5,2,25,W4-medium,no,1,424,none,通用但使用频率或链路位置较低,isis/src/base/apps/blend
178,butterworth,base,5,2,25,W4-medium,no,1,120,none,通用但使用频率或链路位置较低,isis/src/base/apps/butterworth
179,cam2cam,base,5,2,25,W4-medium,no,3,285,none,通用但使用频率或链路位置较低,isis/src/base/apps/cam2cam
180,catoriglab,base,5,2,25,W4-medium,no,1,85,none,通用但使用频率或链路位置较低,isis/src/base/apps/catoriglab
181,center,base,5,2,25,W4-medium,no,1,107,none,通用但使用频率或链路位置较低,isis/src/base/apps/center
182,circle,base,5,2,25,W4-medium,no,1,98,none,通用但使用频率或链路位置较低,isis/src/base/apps/circle
183,ckwriter,base,5,2,25,W4-medium,no,9,2025,none,通用但使用频率或链路位置较低,isis/src/base/apps/ckwriter
184,copylabel,base,5,2,25,W4-medium,no,1,303,none,通用但使用频率或链路位置较低,isis/src/base/apps/copylabel
185,cosi,base,5,2,25,W4-medium,no,1,47,none,通用但使用频率或链路位置较低,isis/src/base/apps/cosi
186,csminit,base,5,2,25,W4-medium,no,3,515,none,通用但使用频率或链路位置较低,isis/src/base/apps/csminit
187,csv2table,base,5,2,25,W0-current-batch,yes,3,260,none,通用但使用频率或链路位置较低,isis/src/base/apps/csv2table
188,ddd2isis,base,5,2,25,W4-medium,no,1,187,none,通用但使用频率或链路位置较低,isis/src/base/apps/ddd2isis
189,demprep,base,5,2,25,W4-medium,no,3,439,none,通用但使用频率或链路位置较低,isis/src/base/apps/demprep
190,deriv,base,5,2,25,W4-medium,no,1,46,none,通用但使用频率或链路位置较低,isis/src/base/apps/deriv
191,desmear,base,5,2,25,W4-medium,no,1,83,none,通用但使用频率或链路位置较低,isis/src/base/apps/desmear
192,desmile,base,5,2,25,W4-medium,no,3,327,none,通用但使用频率或链路位置较低,isis/src/base/apps/desmile
193,dstripe,base,5,2,25,W4-medium,no,3,178,none,通用但使用频率或链路位置较低,isis/src/base/apps/dstripe
194,editlab,base,5,2,25,W4-medium,no,1,138,none,通用但使用频率或链路位置较低,isis/src/base/apps/editlab
195,enlarge,base,5,2,25,W0-current-batch,yes,3,132,none,通用但使用频率或链路位置较低,isis/src/base/apps/enlarge
196,equalizer,base,5,2,25,W4-medium,no,1,115,none,通用但使用频率或链路位置较低,isis/src/base/apps/equalizer
197,errors,base,5,2,25,W4-medium,no,1,43,none,通用但使用频率或链路位置较低,isis/src/base/apps/errors
198,explode,base,5,2,25,W4-medium,no,3,139,none,通用但使用频率或链路位置较低,isis/src/base/apps/explode
199,fft,base,5,2,25,W4-medium,no,1,167,none,通用但使用频率或链路位置较低,isis/src/base/apps/fft
200,fillgap,base,5,2,25,W0-current-batch,yes,3,183,none,通用但使用频率或链路位置较低,isis/src/base/apps/fillgap
201,findgaps,base,5,2,25,W4-medium,no,5,471,none,通用但使用频率或链路位置较低,isis/src/base/apps/findgaps
202,findrx,base,5,2,25,W4-medium,no,1,129,none,通用但使用频率或链路位置较低,isis/src/base/apps/findrx
203,flip,base,5,2,25,W0-current-batch,yes,1,33,none,通用但使用频率或链路位置较低,isis/src/base/apps/flip
204,framestitch,base,5,2,25,W4-medium,no,3,280,none,通用但使用频率或链路位置较低,isis/src/base/apps/framestitch
205,gauss,base,5,2,25,W4-medium,no,1,78,none,通用但使用频率或链路位置较低,isis/src/base/apps/gauss
206,getsn,base,5,2,25,W4-medium,no,3,149,none,通用但使用频率或链路位置较低,isis/src/base/apps/getsn
207,gradient,base,5,2,25,W0-current-batch,yes,1,133,none,通用但使用频率或链路位置较低,isis/src/base/apps/gradient
208,grid,base,5,2,25,W4-medium,no,3,546,none,通用但使用频率或链路位置较低,isis/src/base/apps/grid
209,highpass,base,5,2,25,W4-medium,no,1,77,none,通用但使用频率或链路位置较低,isis/src/base/apps/highpass
210,hsv2rgb,base,5,2,25,W4-medium,no,1,147,none,通用但使用频率或链路位置较低,isis/src/base/apps/hsv2rgb
211,ifft,base,5,2,25,W4-medium,no,1,147,none,通用但使用频率或链路位置较低,isis/src/base/apps/ifft
212,isis2ascii,base,5,2,25,W4-medium,no,3,158,none,通用但使用频率或链路位置较低,isis/src/base/apps/isis2ascii
213,isis2gml,base,5,2,25,W4-medium,no,1,92,none,通用但使用频率或链路位置较低,isis/src/base/apps/isis2gml
214,isis2raw,base,5,2,25,W4-medium,no,1,206,none,通用但使用频率或链路位置较低,isis/src/base/apps/isis2raw
215,isisexport,base,5,2,25,W4-medium,no,3,315,none,通用但使用频率或链路位置较低,isis/src/base/apps/isisexport
216,isisimport,base,5,2,25,W4-medium,no,7,1057,none,通用但使用频率或链路位置较低,isis/src/base/apps/isisimport
217,isisui,base,5,2,25,W4-medium,no,1,22,none,通用但使用频率或链路位置较低,isis/src/base/apps/isisui
218,kuwahara,base,5,2,25,W4-medium,no,1,82,none,通用但使用频率或链路位置较低,isis/src/base/apps/kuwahara
219,lineeq,base,5,2,25,W4-medium,no,1,139,none,通用但使用频率或链路位置较低,isis/src/base/apps/lineeq
220,lowpass,base,5,2,25,W4-medium,no,1,289,none,通用但使用频率或链路位置较低,isis/src/base/apps/lowpass
221,makeflat,base,5,2,25,W4-medium,no,1,902,none,通用但使用频率或链路位置较低,isis/src/base/apps/makeflat
222,mask,base,5,2,25,W0-current-batch,yes,1,131,none,通用但使用频率或链路位置较低,isis/src/base/apps/mask
223,median,base,5,2,25,W4-medium,no,1,266,none,通用但使用频率或链路位置较低,isis/src/base/apps/median
224,minmax,base,5,2,25,W4-medium,no,1,79,none,通用但使用频率或链路位置较低,isis/src/base/apps/minmax
225,mirror,base,5,2,25,W0-current-batch,yes,1,32,none,通用但使用频率或链路位置较低,isis/src/base/apps/mirror
226,mode,base,5,2,25,W4-medium,no,1,320,none,通用但使用频率或链路位置较低,isis/src/base/apps/mode
227,noproj,base,5,2,25,W4-medium,no,3,563,none,通用但使用频率或链路位置较低,isis/src/base/apps/noproj
228,noseam,base,5,2,25,W4-medium,no,3,204,none,通用但使用频率或链路位置较低,isis/src/base/apps/noseam
229,outline,base,5,2,25,W4-medium,no,1,116,none,通用但使用频率或链路位置较低,isis/src/base/apps/outline
230,pad,base,5,2,25,W4-medium,no,1,78,none,通用但使用频率或链路位置较低,isis/src/base/apps/pad
231,pca,base,5,2,25,W4-medium,no,1,144,none,通用但使用频率或链路位置较低,isis/src/base/apps/pca
232,percent,base,5,2,25,W4-medium,no,1,52,none,通用但使用频率或链路位置较低,isis/src/base/apps/percent
233,phoempglobal,base,5,2,25,W4-medium,no,1,508,none,通用但使用频率或链路位置较低,isis/src/base/apps/phoempglobal
234,phohillier,base,5,2,25,W4-medium,no,3,590,none,通用但使用频率或链路位置较低,isis/src/base/apps/phohillier
235,photomet,base,5,2,25,W4-medium,no,3,2507,none,通用但使用频率或链路位置较低,isis/src/base/apps/photomet
236,poly,base,5,2,25,W4-medium,no,1,63,none,通用但使用频率或链路位置较低,isis/src/base/apps/poly
237,pvldiff,base,5,2,25,W4-medium,no,1,260,none,通用但使用频率或链路位置较低,isis/src/base/apps/pvldiff
238,ratio,base,5,2,25,W0-current-batch,yes,1,46,none,通用但使用频率或链路位置较低,isis/src/base/apps/ratio
239,remrx,base,5,2,25,W4-medium,no,1,211,none,通用但使用频率或链路位置较低,isis/src/base/apps/remrx
240,rgb2hsv,base,5,2,25,W4-medium,no,1,145,none,通用但使用频率或链路位置较低,isis/src/base/apps/rgb2hsv
241,ringspt,base,5,2,25,W4-medium,no,3,549,none,通用但使用频率或链路位置较低,isis/src/base/apps/ringspt
242,rotate,base,5,2,25,W4-medium,no,2,167,none,通用但使用频率或链路位置较低,isis/src/base/apps/rotate
243,segment,base,5,2,25,W4-medium,no,3,83,none,通用但使用频率或链路位置较低,isis/src/base/apps/segment
244,shade,base,5,2,25,W4-medium,no,1,60,none,通用但使用频率或链路位置较低,isis/src/base/apps/shade
245,shadow,base,5,2,25,W4-medium,no,5,1474,none,通用但使用频率或链路位置较低,isis/src/base/apps/shadow
246,shadowtau,base,5,2,25,W4-medium,no,1,503,none,通用但使用频率或链路位置较低,isis/src/base/apps/shadowtau
247,sharpen,base,5,2,25,W4-medium,no,1,53,none,通用但使用频率或链路位置较低,isis/src/base/apps/sharpen
248,skypt,base,5,2,25,W4-medium,no,3,206,none,通用但使用频率或链路位置较低,isis/src/base/apps/skypt
249,skyrange,base,5,2,25,W4-medium,no,1,64,none,通用但使用频率或链路位置较低,isis/src/base/apps/skyrange
250,smtk,base,5,2,25,W4-medium,no,2,678,none,通用但使用频率或链路位置较低,isis/src/base/apps/smtk
251,specadd,base,5,2,25,W4-medium,no,1,35,none,通用但使用频率或链路位置较低,isis/src/base/apps/specadd
252,spechighpass,base,5,2,25,W4-medium,no,1,74,none,通用但使用频率或链路位置较低,isis/src/base/apps/spechighpass
253,speclowpass,base,5,2,25,W4-medium,no,1,69,none,通用但使用频率或链路位置较低,isis/src/base/apps/speclowpass
254,specpix,base,5,2,25,W4-medium,no,1,184,none,通用但使用频率或链路位置较低,isis/src/base/apps/specpix
255,spkwriter,base,5,2,25,W4-medium,no,12,2182,none,通用但使用频率或链路位置较低,isis/src/base/apps/spkwriter
256,tonematch,base,5,2,25,W4-medium,no,1,103,none,通用但使用频率或链路位置较低,isis/src/base/apps/tonematch
257,trackextract,base,5,2,25,W4-medium,no,1,283,none,通用但使用频率或链路位置较低,isis/src/base/apps/trackextract
258,translate,base,5,2,25,W4-medium,no,2,106,none,通用但使用频率或链路位置较低,isis/src/base/apps/translate
259,vicar2isis,base,5,2,25,W4-medium,no,1,34,none,通用但使用频率或链路位置较低,isis/src/base/apps/vicar2isis
260,cnet2mat,control,5,2,25,W4-medium,no,1,212,none,通用但使用频率或链路位置较低,isis/src/control/apps/cnet2mat
261,cnetbin2pvl,control,5,2,25,W4-medium,no,3,74,none,通用但使用频率或链路位置较低,isis/src/control/apps/cnetbin2pvl
262,cnetnewradii,control,5,2,25,W4-medium,no,1,209,none,通用但使用频率或链路位置较低,isis/src/control/apps/cnetnewradii
263,cnetpvl2bin,control,5,2,25,W4-medium,no,3,96,none,通用但使用频率或链路位置较低,isis/src/control/apps/cnetpvl2bin
264,cnetsplit,control,5,2,25,W4-medium,no,1,103,none,通用但使用频率或链路位置较低,isis/src/control/apps/cnetsplit
265,cnettable,control,5,2,25,W4-medium,no,1,431,none,通用但使用频率或链路位置较低,isis/src/control/apps/cnettable
266,cnetthinner,control,5,2,25,W4-medium,no,7,1552,none,通用但使用频率或链路位置较低,isis/src/control/apps/cnetthinner
267,cnetwinnow,control,5,2,25,W4-medium,no,3,523,none,通用但使用频率或链路位置较低,isis/src/control/apps/cnetwinnow
268,coreg,control,5,2,25,W4-medium,no,1,296,none,通用但使用频率或链路位置较低,isis/src/control/apps/coreg
269,deltack,control,5,2,25,W4-medium,no,1,543,none,通用但使用频率或链路位置较低,isis/src/control/apps/deltack
270,mat2cnet,control,5,2,25,W4-medium,no,1,526,none,通用但使用频率或链路位置较低,isis/src/control/apps/mat2cnet
271,seedgrid,control,5,2,25,W4-medium,no,1,299,none,通用但使用频率或链路位置较低,isis/src/control/apps/seedgrid
272,slither,control,5,2,25,W4-medium,no,4,1033,none,通用但使用频率或链路位置较低,isis/src/control/apps/slither
273,blobdump,system,5,2,25,W4-medium,no,1,108,none,通用但使用频率或链路位置较低,isis/src/system/apps/blobdump
274,csspckgen,system,5,2,25,W4-medium,no,1,111,none,通用但使用频率或链路位置较低,isis/src/system/apps/csspckgen
275,dempack,system,5,2,25,W4-medium,no,1,113,none,通用但使用频率或链路位置较低,isis/src/system/apps/dempack
276,isiscomplete,system,5,2,25,W4-medium,no,1,181,none,通用但使用频率或链路位置较低,isis/src/system/apps/isiscomplete
277,isisdataeval,system,5,2,25,W4-medium,no,5,2166,none,通用但使用频率或链路位置较低,isis/src/system/apps/isisdataeval
278,kerneldbgen,system,5,2,25,W4-medium,no,5,818,none,通用但使用频率或链路位置较低,isis/src/system/apps/kerneldbgen
279,messckgen,system,5,2,25,W4-medium,no,1,335,none,通用但使用频率或链路位置较低,isis/src/system/apps/messckgen
280,messspkgen,system,5,2,25,W4-medium,no,1,117,none,通用但使用频率或链路位置较低,isis/src/system/apps/messspkgen
281,prtloganalyzer,system,5,2,25,W4-medium,no,3,815,none,通用但使用频率或链路位置较低,isis/src/system/apps/prtloganalyzer
282,apollofindrx,apollo,4,2,24,W4-medium,no,3,332,mission_runtime_data,任务专用或较窄用途能力,isis/src/apollo/apps/apollofindrx
283,apollopaninit,apollo,4,2,24,W4-medium,no,1,963,mission_runtime_data,任务专用或较窄用途能力,isis/src/apollo/apps/apollopaninit
284,apollopanstitcher,apollo,4,2,24,W4-medium,no,4,905,mission_runtime_data,任务专用或较窄用途能力,isis/src/apollo/apps/apollopanstitcher
285,apolloremrx,apollo,4,2,24,W4-medium,no,3,182,mission_runtime_data,任务专用或较窄用途能力,isis/src/apollo/apps/apolloremrx
286,apollowarp,apollo,4,2,24,W4-medium,no,3,244,mission_runtime_data,任务专用或较窄用途能力,isis/src/apollo/apps/apollowarp
287,clemnirclean,clementine,4,2,24,W4-medium,no,1,75,mission_runtime_data,任务专用或较窄用途能力,isis/src/clementine/apps/clemnirclean
288,clemnirnoise,clementine,4,2,24,W4-medium,no,1,102,mission_runtime_data,任务专用或较窄用途能力,isis/src/clementine/apps/clemnirnoise
289,eisstitch,clipper,4,2,24,W4-medium,no,3,361,mission_runtime_data,任务专用或较窄用途能力,isis/src/clipper/apps/eisstitch
290,jitterfit,clipper,4,2,24,W4-medium,no,3,274,mission_runtime_data,任务专用或较窄用途能力,isis/src/clipper/apps/jitterfit
291,cnet2dem,control,4,2,24,W4-medium,no,8,2287,optional_stack,通用但使用频率或链路位置较低,isis/src/control/apps/cnet2dem
292,cnetcombinept,control,4,2,24,W4-medium,no,8,1664,optional_stack,通用但使用频率或链路位置较低,isis/src/control/apps/cnetcombinept
293,camcoeffs,dev,4,2,24,W4-medium,no,1,194,mission_runtime_data,任务专用或较窄用途能力,isis/src/dev/apps/camcoeffs
294,camdev,dev,4,2,24,W4-medium,no,3,1557,mission_runtime_data,任务专用或较窄用途能力,isis/src/dev/apps/camdev
295,camtest,dev,4,2,24,W4-medium,no,1,212,mission_runtime_data,任务专用或较窄用途能力,isis/src/dev/apps/camtest
296,m3loc2net,dev,4,2,24,W4-medium,no,1,137,mission_runtime_data,任务专用或较窄用途能力,isis/src/dev/apps/m3loc2net
297,hyb1pds4gen,hayabusa,4,2,24,W4-medium,no,1,164,mission_runtime_data,任务专用或较窄用途能力,isis/src/hayabusa/apps/hyb1pds4gen
298,kaguyasp2ascii,kaguya,4,2,24,W4-medium,no,1,425,mission_runtime_data,任务专用或较窄用途能力,isis/src/kaguya/apps/kaguyasp2ascii
299,lopdsgen,lo,4,2,24,W4-medium,no,1,286,mission_runtime_data,任务专用或较窄用途能力,isis/src/lo/apps/lopdsgen
300,lromakeflat,lro,4,2,24,W4-medium,no,1,514,mission_runtime_data,任务专用或较窄用途能力,isis/src/lro/apps/lromakeflat
301,lronac2pds,lro,4,2,24,W4-medium,no,3,324,mission_runtime_data,任务专用或较窄用途能力,isis/src/lro/apps/lronac2pds
302,lronacpho,lro,4,2,24,W4-medium,no,5,738,mission_runtime_data,任务专用或较窄用途能力,isis/src/lro/apps/lronacpho
303,lrowac2pds,lro,4,2,24,W4-medium,no,3,525,mission_runtime_data,任务专用或较窄用途能力,isis/src/lro/apps/lrowac2pds
304,lrowacpho,lro,4,2,24,W4-medium,no,7,1354,mission_runtime_data,任务专用或较窄用途能力,isis/src/lro/apps/lrowacpho
305,lrowacphomap,lro,4,2,24,W4-medium,no,7,1599,mission_runtime_data,任务专用或较窄用途能力,isis/src/lro/apps/lrowacphomap
306,mrf2pds,lro,4,2,24,W4-medium,no,3,590,mission_runtime_data,任务专用或较窄用途能力,isis/src/lro/apps/mrf2pds
307,mar10clean,mariner,4,2,24,W4-medium,no,1,107,mission_runtime_data,任务专用或较窄用途能力,isis/src/mariner/apps/mar10clean
308,mar10nonoise,mariner,4,2,24,W4-medium,no,1,114,mission_runtime_data,任务专用或较窄用途能力,isis/src/mariner/apps/mar10nonoise
309,mar10restore,mariner,4,2,24,W4-medium,no,1,147,mission_runtime_data,任务专用或较窄用途能力,isis/src/mariner/apps/mar10restore
310,mdis2pds,messenger,4,2,24,W4-medium,no,1,386,mission_runtime_data,任务专用或较窄用途能力,isis/src/messenger/apps/mdis2pds
311,mdisddr,messenger,4,2,24,W4-medium,no,1,403,mission_runtime_data,任务专用或较窄用途能力,isis/src/messenger/apps/mdisddr
312,mdisedrinfo,messenger,4,2,24,W4-medium,no,6,2250,mission_runtime_data,任务专用或较窄用途能力,isis/src/messenger/apps/mdisedrinfo
313,mdisproc,messenger,4,2,24,W4-medium,no,1,79,mission_runtime_data,任务专用或较窄用途能力,isis/src/messenger/apps/mdisproc
314,mocevenodd,mgs,4,2,24,W4-medium,no,1,132,mission_runtime_data,任务专用或较窄用途能力,isis/src/mgs/apps/mocevenodd
315,mocgap,mgs,4,2,24,W4-medium,no,1,87,mission_runtime_data,任务专用或较窄用途能力,isis/src/mgs/apps/mocgap
316,mocnoise50,mgs,4,2,24,W4-medium,no,1,331,mission_runtime_data,任务专用或较窄用途能力,isis/src/mgs/apps/mocnoise50
317,mocproc,mgs,4,2,24,W4-medium,no,1,113,mission_runtime_data,任务专用或较窄用途能力,isis/src/mgs/apps/mocproc
318,ctxevenodd,mro,4,2,24,W4-medium,no,1,143,mission_runtime_data,任务专用或较窄用途能力,isis/src/mro/apps/ctxevenodd
319,hicalbeta,mro,4,2,24,W4-medium,no,1,493,mission_runtime_data,任务专用或较窄用途能力,isis/src/mro/apps/hicalbeta
320,hicalproc,mro,4,2,24,W4-medium,no,1,638,mission_runtime_data,任务专用或较窄用途能力,isis/src/mro/apps/hicalproc
321,hiccdstitch,mro,4,2,24,W4-medium,no,1,535,mission_runtime_data,任务专用或较窄用途能力,isis/src/mro/apps/hiccdstitch
322,hicolormos,mro,4,2,24,W4-medium,no,3,331,mission_runtime_data,任务专用或较窄用途能力,isis/src/mro/apps/hicolormos
323,hicrop,mro,4,2,24,W4-medium,no,3,550,mission_runtime_data,任务专用或较窄用途能力,isis/src/mro/apps/hicrop
324,hicubeit,mro,4,2,24,W4-medium,no,3,230,mission_runtime_data,任务专用或较窄用途能力,isis/src/mro/apps/hicubeit
325,hicubenorm,mro,4,2,24,W4-medium,no,3,812,mission_runtime_data,任务专用或较窄用途能力,isis/src/mro/apps/hicubenorm
326,hideal2pds,mro,4,2,24,W4-medium,no,1,649,mission_runtime_data,任务专用或较窄用途能力,isis/src/mro/apps/hideal2pds
327,hidestripe,mro,4,2,24,W4-medium,no,1,346,mission_runtime_data,任务专用或较窄用途能力,isis/src/mro/apps/hidestripe
328,hidtmgen,mro,4,2,24,W4-medium,no,3,875,mission_runtime_data,任务专用或较窄用途能力,isis/src/mro/apps/hidtmgen
329,hiequal,mro,4,2,24,W4-medium,no,1,59,mission_runtime_data,任务专用或较窄用途能力,isis/src/mro/apps/hiequal
330,hifringe,mro,4,2,24,W4-medium,no,1,227,mission_runtime_data,任务专用或较窄用途能力,isis/src/mro/apps/hifringe
331,hifurrows,mro,4,2,24,W4-medium,no,1,470,mission_runtime_data,任务专用或较窄用途能力,isis/src/mro/apps/hifurrows
332,higlob,mro,4,2,24,W4-medium,no,1,173,mission_runtime_data,任务专用或较窄用途能力,isis/src/mro/apps/higlob
333,hijitreg,mro,4,2,24,W4-medium,no,5,1623,mission_runtime_data,任务专用或较窄用途能力,isis/src/mro/apps/hijitreg
334,hijitter,mro,4,2,24,W4-medium,no,1,724,mission_runtime_data,任务专用或较窄用途能力,isis/src/mro/apps/hijitter
335,himos,mro,4,2,24,W4-medium,no,3,363,mission_runtime_data,任务专用或较窄用途能力,isis/src/mro/apps/himos
336,hinoise,mro,4,2,24,W4-medium,no,1,699,mission_runtime_data,任务专用或较窄用途能力,isis/src/mro/apps/hinoise
337,hirdrgen,mro,4,2,24,W4-medium,no,1,554,mission_runtime_data,任务专用或较窄用途能力,isis/src/mro/apps/hirdrgen
338,hisharpen,mro,4,2,24,W4-medium,no,1,275,mission_runtime_data,任务专用或较窄用途能力,isis/src/mro/apps/hisharpen
339,histat,mro,4,2,24,W4-medium,no,1,339,mission_runtime_data,任务专用或较窄用途能力,isis/src/mro/apps/histat
340,histitch,mro,4,2,24,W4-medium,no,1,437,mission_runtime_data,任务专用或较窄用途能力,isis/src/mro/apps/histitch
341,marciflip,mro,4,2,24,W4-medium,no,3,124,mission_runtime_data,任务专用或较窄用途能力,isis/src/mro/apps/marciflip
342,pds2hideal,mro,4,2,24,W4-medium,no,1,155,mission_runtime_data,任务专用或较窄用途能力,isis/src/mro/apps/pds2hideal
343,thmbasemap1,odyssey,4,2,24,W4-medium,no,1,414,mission_runtime_data,任务专用或较窄用途能力,isis/src/odyssey/apps/thmbasemap1
344,thmdriftcor,odyssey,4,2,24,W4-medium,no,1,70,mission_runtime_data,任务专用或较窄用途能力,isis/src/odyssey/apps/thmdriftcor
345,thmnoseam,odyssey,4,2,24,W4-medium,no,1,355,mission_runtime_data,任务专用或较窄用途能力,isis/src/odyssey/apps/thmnoseam
346,thmproc,odyssey,4,2,24,W4-medium,no,1,205,mission_runtime_data,任务专用或较窄用途能力,isis/src/odyssey/apps/thmproc
347,thmvisflat,odyssey,4,2,24,W4-medium,no,1,157,mission_runtime_data,任务专用或较窄用途能力,isis/src/odyssey/apps/thmvisflat
348,thmvistrim,odyssey,4,2,24,W4-medium,no,1,149,mission_runtime_data,任务专用或较窄用途能力,isis/src/odyssey/apps/thmvistrim
349,socetframesettings,socet,4,2,24,W4-medium,no,1,989,mission_runtime_data,任务专用或较窄用途能力,isis/src/socet/apps/socetframesettings
350,tgocassismos,tgo,4,2,24,W4-medium,no,3,346,mission_runtime_data,任务专用或较窄用途能力,isis/src/tgo/apps/tgocassismos
351,tgocassisrdrgen,tgo,4,2,24,W4-medium,no,3,308,mission_runtime_data,任务专用或较窄用途能力,isis/src/tgo/apps/tgocassisrdrgen
352,tgocassisstitch,tgo,4,2,24,W4-medium,no,3,339,mission_runtime_data,任务专用或较窄用途能力,isis/src/tgo/apps/tgocassisstitch
353,tgocassisunstitch,tgo,4,2,24,W4-medium,no,3,295,mission_runtime_data,任务专用或较窄用途能力,isis/src/tgo/apps/tgocassisunstitch
354,vikclean,viking,4,2,24,W4-medium,no,1,57,mission_runtime_data,任务专用或较窄用途能力,isis/src/viking/apps/vikclean
355,vikfixtrx,viking,4,2,24,W4-medium,no,1,107,mission_runtime_data,任务专用或较窄用途能力,isis/src/viking/apps/vikfixtrx
356,viknobutter,viking,4,2,24,W4-medium,no,1,118,mission_runtime_data,任务专用或较窄用途能力,isis/src/viking/apps/viknobutter
357,viknonoodle,viking,4,2,24,W4-medium,no,1,178,mission_runtime_data,任务专用或较窄用途能力,isis/src/viking/apps/viknonoodle
358,viknopepper,viking,4,2,24,W4-medium,no,1,88,mission_runtime_data,任务专用或较窄用途能力,isis/src/viking/apps/viknopepper
359,viknosalt,viking,4,2,24,W4-medium,no,1,108,mission_runtime_data,任务专用或较窄用途能力,isis/src/viking/apps/viknosalt
360,voyramp,voyager,4,2,24,W4-medium,no,1,202,mission_runtime_data,任务专用或较窄用途能力,isis/src/voyager/apps/voyramp
361,photemplate,base,3,2,23,W4-medium,no,1,878,posix_api,通用但使用频率或链路位置较低,isis/src/base/apps/photemplate
362,socetlinescankeywords,socet,2,2,22,W5-blocked-or-specialized,no,3,1014,external_process;mission_runtime_data,任务专用或较窄用途能力,isis/src/socet/apps/socetlinescankeywords
363,vdcomp,viking,2,2,22,W5-blocked-or-specialized,no,1,1538,mission_runtime_data;posix_api,任务专用或较窄用途能力,isis/src/viking/apps/vdcomp
364,isisminer,base,1,2,21,W5-blocked-or-specialized,no,49,9405,external_process;large_source;posix_api,通用但使用频率或链路位置较低,isis/src/base/apps/isisminer
365,mocuncompress,mgs,1,2,21,W5-blocked-or-specialized,no,50,7732,large_source;mission_runtime_data;posix_api,任务专用或较窄用途能力,isis/src/mgs/apps/mocuncompress
