pair_tag,tile_index,selected_route,execution_environment,route_confidence,route_reason,illumination_status,illumination_difference_score,texture_sparseness,left_keypoints,right_keypoints,left_density,right_density,left_rep_status,left_selection_reason,left_radiometric_valid_for_matching,left_source_projectable,left_solar_elevation_degrees,left_incidence_angle_degrees,left_sun_azimuth_degrees,right_rep_status,right_selection_reason,right_radiometric_valid_for_matching,right_source_projectable,right_solar_elevation_degrees,right_incidence_angle_degrees,right_sun_azimuth_degrees
REDUCED_M1106754872LE.echo.cal__REDUCED_M1106769166LE.echo.cal,0,loftr,deep-learning,0.9,texture probe keypoint count or density below hard threshold; route to LoFTR,both_failed,,1.0,0,0,0.0,0.0,no_projectable_pixel,no pixel projected to source camera,,False,,,,no_projectable_pixel,no pixel projected to source camera,,False,,,
REDUCED_M1106754872LE.echo.cal__REDUCED_M1106769166LE.echo.cal,1,sift_flann,asp360_new,0.85,rich texture and small physical illumination difference; route to SIFT + FLANN,ok,0.0010044730411231564,0.008581077260692127,1754,2310,0.014933251600599374,0.01553546929222823,nearest_projectable_pixel,nearest pixel projected to source camera,,True,3.3114773731422957,86.6885226268577,198.68454195088862,nearest_projectable_pixel,nearest pixel projected to source camera,,True,3.209306709399442,86.79069329060056,198.55080916365353
REDUCED_M1106754872LE.echo.cal__REDUCED_M1106769166LE.echo.cal,2,sift_flann,asp360_new,0.85,rich texture and small physical illumination difference; route to SIFT + FLANN,ok,0.0012462288978191004,0.007493936044218996,3270,3602,0.015293237302403891,0.016931783995186522,center_projectable,center pixel projected to source camera,,True,3.213965643305613,86.78603435669439,198.72064219204387,center_projectable,center pixel projected to source camera,,True,3.089212449483952,86.91078755051605,198.5466913625082
REDUCED_M1106754872LE.echo.cal__REDUCED_M1106769166LE.echo.cal,3,sift_flann,asp360_new,0.85,rich texture and small physical illumination difference; route to SIFT + FLANN,ok,0.0009660270794834484,0.030280282616200083,18,56,0.00904977375565611,0.013276434329065908,nearest_projectable_pixel,nearest pixel projected to source camera,,True,3.724287543899706,86.2757124561003,198.99547485942415,nearest_projectable_pixel,nearest pixel projected to source camera,,True,3.6276569292134297,86.37234307078657,199.1306070236001
REDUCED_M1106754872LE.echo.cal__REDUCED_M1106769166LE.echo.cal,4,sift_flann,asp360_new,0.85,rich texture and small physical illumination difference; route to SIFT + FLANN,ok,0.0008060984486788327,0.013850870900502854,2510,2891,0.014147699730573686,0.015007890693135097,nearest_projectable_pixel,nearest pixel projected to source camera,,True,3.5803707720974387,86.41962922790256,198.94275390033243,nearest_projectable_pixel,nearest pixel projected to source camera,,True,3.4808575151020875,86.51914248489791,198.9799940346376
REDUCED_M1106754872LE.echo.cal__REDUCED_M1106769166LE.echo.cal,5,sift_flann,asp360_new,0.85,rich texture and small physical illumination difference; route to SIFT + FLANN,ok,0.000898026037741528,0.010460475020783955,1903,1602,0.01401315159682182,0.01433531390937075,nearest_projectable_pixel,nearest pixel projected to source camera,,True,3.3854367861467978,86.6145632138532,198.75289948360887,nearest_projectable_pixel,nearest pixel projected to source camera,,True,3.290451357277476,86.70954864272252,198.64790713870573
REDUCED_M1106754872LE.echo.cal__REDUCED_M1106769166LE.echo.cal,6,sift_flann,asp360_new,0.85,rich texture and small physical illumination difference; route to SIFT + FLANN,ok,0.0009703412015592558,0.017276931540978202,295,78,0.012854030501089325,0.016963897346672467,nearest_projectable_pixel,nearest pixel projected to source camera,,True,3.2972065854995947,86.7027934145004,198.51833881710658,nearest_projectable_pixel,nearest pixel projected to source camera,,True,3.2034440204001413,86.79655597959986,198.3694048286624
REDUCED_M1106754872LE.echo.cal__REDUCED_M1106769166LE.echo.cal,7,sift_flann,asp360_new,0.85,rich texture and small physical illumination difference; route to SIFT + FLANN,ok,0.0010453112577546672,0.01771912841463308,561,596,0.012772642411547745,0.01797129417440598,nearest_projectable_pixel,nearest pixel projected to source camera,,True,4.0028076482315385,85.99719235176846,199.03664025488044,nearest_projectable_pixel,nearest pixel projected to source camera,,True,3.8984600927929023,86.1015399072071,199.18371811231341
REDUCED_M1106754872LE.echo.cal__REDUCED_M1106769166LE.echo.cal,8,sift_flann,asp360_new,0.85,rich texture and small physical illumination difference; route to SIFT + FLANN,ok,0.0011121119858084735,0.012337090406241202,3341,3616,0.015280757040079399,0.01607596962637597,center_projectable,center pixel projected to source camera,,True,3.8411513454643114,86.15884865453569,199.10089618972034,center_projectable,center pixel projected to source camera,,True,3.7418990103175958,86.2581009896824,199.30442732147006
REDUCED_M1106754872LE.echo.cal__REDUCED_M1106769166LE.echo.cal,9,sift_flann,asp360_new,0.85,rich texture and small physical illumination difference; route to SIFT + FLANN,ok,0.0010484214492242506,0.015345481595982702,1005,1209,0.012921391653166706,0.01695366838680727,nearest_projectable_pixel,nearest pixel projected to source camera,,True,3.656755901269662,86.34324409873034,198.76162290962375,nearest_projectable_pixel,nearest pixel projected to source camera,,True,3.5605349581115036,86.4394650418885,198.94288671957221
REDUCED_M1106754872LE.echo.cal__REDUCED_M1106769166LE.echo.cal,10,loftr,deep-learning,0.9,texture probe keypoint count or density below hard threshold; route to LoFTR,both_failed,,1.0,0,0,0.0,0.0,no_projectable_pixel,no pixel projected to source camera,,False,,,,no_projectable_pixel,no pixel projected to source camera,,False,,,
REDUCED_M1106754872LE.echo.cal__REDUCED_M1106769166LE.echo.cal,11,loftr,deep-learning,0.9,texture probe keypoint count or density below hard threshold; route to LoFTR,both_failed,,1.0,0,0,0.0,0.0,no_projectable_pixel,no pixel projected to source camera,,False,,,,no_projectable_pixel,no pixel projected to source camera,,False,,,
REDUCED_M1106754872LE.echo.cal__REDUCED_M1106769166LE.echo.cal,12,sift_flann,asp360_new,0.85,rich texture and small physical illumination difference; route to SIFT + FLANN,ok,0.0008052215495726816,0.018184726510597438,1644,1203,0.016139007509939626,0.01644251271116943,nearest_projectable_pixel,nearest pixel projected to source camera,,True,4.27082339596349,85.72917660403651,198.97898437256376,nearest_projectable_pixel,nearest pixel projected to source camera,,True,4.166152960186878,85.83384703981312,198.99512226622656
REDUCED_M1106754872LE.echo.cal__REDUCED_M1106769166LE.echo.cal,13,sift_flann,asp360_new,0.85,rich texture and small physical illumination difference; route to SIFT + FLANN,ok,0.0014149384941762623,0.017841857904856817,3467,4161,0.01667203646977923,0.01859216099801612,nearest_projectable_pixel,nearest pixel projected to source camera,,True,4.077108297323363,85.92289170267664,198.71981014553194,center_projectable,center pixel projected to source camera,,True,3.9821443721466494,86.01785562785335,199.10402123168026
REDUCED_M1106754872LE.echo.cal__REDUCED_M1106769166LE.echo.cal,14,sift_flann,asp360_new,0.85,rich texture and small physical illumination difference; route to SIFT + FLANN,ok,0.000936810770083959,0.0248590890437127,270,504,0.013164951972304842,0.016545747020780672,nearest_projectable_pixel,nearest pixel projected to source camera,,True,3.925768685008336,86.07423131499166,198.7904088391882,nearest_projectable_pixel,nearest pixel projected to source camera,,True,3.8293591322425016,86.1706408677575,198.9106484439702
REDUCED_M1106754872LE.echo.cal__REDUCED_M1106769166LE.echo.cal,15,loftr,deep-learning,0.9,texture probe keypoint count or density below hard threshold; route to LoFTR,both_failed,,1.0,0,0,0.0,0.0,no_projectable_pixel,no pixel projected to source camera,,False,,,,no_projectable_pixel,no pixel projected to source camera,,False,,,
REDUCED_M1106754872LE.echo.cal__REDUCED_M1106769166LE.echo.cal,16,loftr,deep-learning,0.9,texture probe keypoint count or density below hard threshold; route to LoFTR,both_failed,,1.0,0,0,0.0,0.0,no_projectable_pixel,no pixel projected to source camera,,False,,,,no_projectable_pixel,no pixel projected to source camera,,False,,,
REDUCED_M1106754872LE.echo.cal__REDUCED_M1106769166LE.echo.cal,17,sift_flann,asp360_new,0.85,rich texture and small physical illumination difference; route to SIFT + FLANN,ok,0.0008706851823846393,0.012627585907465932,2752,1997,0.017161600917946097,0.017681955020364796,nearest_projectable_pixel,nearest pixel projected to source camera,,True,4.541099080994613,85.45890091900539,198.9555354254118,nearest_projectable_pixel,nearest pixel projected to source camera,,True,4.435137201123894,85.5648627988761,198.90921294640697
REDUCED_M1106754872LE.echo.cal__REDUCED_M1106769166LE.echo.cal,18,sift_flann,asp360_new,0.85,rich texture and small physical illumination difference; route to SIFT + FLANN,ok,0.0009095175393271562,0.020602309222208515,2392,3279,0.015496443333031006,0.017239113176696966,nearest_projectable_pixel,nearest pixel projected to source camera,,True,4.346138519826511,85.65386148017349,198.7786538696462,nearest_projectable_pixel,nearest pixel projected to source camera,,True,4.245601562331274,85.75439843766873,198.6896622283905
REDUCED_M1106754872LE.echo.cal__REDUCED_M1106769166LE.echo.cal,19,loftr,deep-learning,0.9,texture probe keypoint count or density below hard threshold; route to LoFTR,left_failed,,0.5072320803591276,0,60,0.0,0.017964071856287425,no_projectable_pixel,no pixel projected to source camera,,False,,,,nearest_projectable_pixel,nearest pixel projected to source camera,,True,4.098574710005252,85.90142528999475,198.79170549532083
REDUCED_M1106754872LE.echo.cal__REDUCED_M1106769166LE.echo.cal,20,loftr,deep-learning,0.9,texture probe keypoint count or density below hard threshold; route to LoFTR,both_failed,,1.0,0,0,0.0,0.0,no_projectable_pixel,no pixel projected to source camera,,False,,,,no_projectable_pixel,no pixel projected to source camera,,False,,,
REDUCED_M1106754872LE.echo.cal__REDUCED_M1106769166LE.echo.cal,21,sift_flann,asp360_new,0.85,rich texture and small physical illumination difference; route to SIFT + FLANN,ok,0.0009687619154724478,0.029853012906372878,2542,1523,0.013256360915116528,0.011723230161723615,nearest_projectable_pixel,nearest pixel projected to source camera,,True,4.798118048527272,85.20188195147273,198.7983173471826,nearest_projectable_pixel,nearest pixel projected to source camera,,True,4.6912393836410615,85.30876061635894,198.89393412199288
REDUCED_M1106754872LE.echo.cal__REDUCED_M1106769166LE.echo.cal,22,sift_flann,asp360_new,0.85,rich texture and small physical illumination difference; route to SIFT + FLANN,ok,0.0007677063906635235,0.010600672424706858,2182,3017,0.01800983855525108,0.01734276828980875,nearest_projectable_pixel,nearest pixel projected to source camera,,True,4.6033919287781515,85.39660807122185,198.73195420911222,nearest_projectable_pixel,nearest pixel projected to source camera,,True,4.501528900477069,85.49847109952293,198.72484487135824
REDUCED_M1106754872LE.echo.cal__REDUCED_M1106769166LE.echo.cal,23,loftr,deep-learning,0.9,texture probe keypoint count or density below hard threshold; route to LoFTR,left_failed,,0.5095332500640823,0,1,0.0,0.008333333333333333,no_projectable_pixel,no pixel projected to source camera,,False,,,,nearest_projectable_pixel,nearest pixel projected to source camera,,True,4.367897619434672,85.63210238056533,198.63809537630235
REDUCED_M110840613RE.echo.cal__REDUCED_M110860982RE.echo.cal,0,sift_flann,asp360_new,0.85,rich texture and small physical illumination difference; route to SIFT + FLANN,ok,0.0005113812313537748,0.03808623048105275,4846,4796,0.017406359104035863,0.01747138496062017,nearest_projectable_pixel,nearest pixel projected to source camera,,True,0.6615699495445426,89.33843005045546,233.11561723662345,nearest_projectable_pixel,nearest pixel projected to source camera,,True,0.6730232233436055,89.3269767766564,232.88528446688866
REDUCED_M110840613RE.echo.cal__REDUCED_M110860982RE.echo.cal,1,sift_lightglue,deep-learning,0.6,moderate texture or moderate physical illumination difference; route to SIFT + LightGlue,ok,0.0009594678686678687,0.4425690358864246,4741,139,0.016746022775438695,0.0004871449799534584,nearest_projectable_pixel,nearest pixel projected to source camera,,True,0.8844571064201716,89.11554289357983,232.9051081339232,nearest_projectable_pixel,nearest pixel projected to source camera,,True,0.9013430871911225,89.09865691280888,232.45453940792635
REDUCED_M110840613RE.echo.cal__REDUCED_M110860982RE.echo.cal,2,sift_flann,asp360_new,0.85,rich texture and small physical illumination difference; route to SIFT + FLANN,ok,0.0019454118929239691,0.03648466516696591,689,1818,0.010325810029074125,0.012673317021143108,nearest_projectable_pixel,nearest pixel projected to source camera,,True,1.1351645028524757,88.86483549714752,233.46774697507553,nearest_projectable_pixel,nearest pixel projected to source camera,,True,1.15907049404899,88.84092950595101,232.51284851768264
REDUCED_M110840613RE.echo.cal__REDUCED_M110860982RE.echo.cal,3,loftr,deep-learning,0.9,texture probe keypoint count or density below hard threshold; route to LoFTR,both_failed,,1.0,0,0,0.0,0.0,no_projectable_pixel,no pixel projected to source camera,,False,,,,no_projectable_pixel,no pixel projected to source camera,,False,,,
REDUCED_M110840613RE.echo.cal__REDUCED_M110860982RE.echo.cal,4,sift_flann,asp360_new,0.85,rich texture and small physical illumination difference; route to SIFT + FLANN,ok,0.0011843490141890916,0.012898138463550701,1572,422,0.02726894254787677,0.02512203833789737,nearest_projectable_pixel,nearest pixel projected to source camera,,True,1.0298905647669585,88.97010943523304,233.0491865531294,nearest_projectable_pixel,nearest pixel projected to source camera,,True,1.0390913133355753,88.96090868666442,232.44644107974176
REDUCED_M110840613RE.echo.cal__REDUCED_M110860982RE.echo.cal,5,sift_flann,asp360_new,0.85,rich texture and small physical illumination difference; route to SIFT + FLANN,ok,0.001724779093135893,0.027663230919884874,6031,5332,0.021324291164438534,0.023388119081143438,nearest_projectable_pixel,nearest pixel projected to source camera,,True,1.283627559322582,88.71637244067742,233.01129452466566,nearest_projectable_pixel,nearest pixel projected to source camera,,True,1.2901417731108324,88.70985822688917,232.10597066952528
REDUCED_M110840613RE.echo.cal__REDUCED_M110860982RE.echo.cal,6,sift_lightglue,deep-learning,0.6,moderate texture or moderate physical illumination difference; route to SIFT + LightGlue,ok,0.0003728342268455318,0.5454073759135991,653,518,0.0022509246715821623,0.0018253576714356192,nearest_projectable_pixel,nearest pixel projected to source camera,,True,1.5065088687758674,88.49349113122413,232.71974858270852,center_projectable,center pixel projected to source camera,,True,1.5371439936328812,88.46285600636712,232.64095859964
REDUCED_M110840613RE.echo.cal__REDUCED_M110860982RE.echo.cal,7,sift_flann,asp360_new,0.85,rich texture and small physical illumination difference; route to SIFT + FLANN,ok,0.001444040403379492,0.2552137859706164,1066,1924,0.010102254527534804,0.007542879545231794,nearest_projectable_pixel,nearest pixel projected to source camera,,True,1.7602497873525635,88.23975021264744,233.18728623582197,nearest_projectable_pixel,nearest pixel projected to source camera,,True,1.7794988026913927,88.22050119730861,232.48450047935236
REDUCED_M110840613RE.echo.cal__REDUCED_M110860982RE.echo.cal,8,loftr,deep-learning,0.9,texture probe keypoint count or density below hard threshold; route to LoFTR,left_failed,,0.5116356069958956,0,513,0.0,0.013007429194452191,no_projectable_pixel,no pixel projected to source camera,,False,,,,nearest_projectable_pixel,nearest pixel projected to source camera,,True,2.0349425172920235,87.96505748270798,233.16744822284616
REDUCED_M110840613RE.echo.cal__REDUCED_M110860982RE.echo.cal,9,loftr,deep-learning,0.9,texture probe keypoint count or density below hard threshold; route to LoFTR,both_failed,,1.0,0,0,0.0,0.0,no_projectable_pixel,no pixel projected to source camera,,False,,,,no_projectable_pixel,no pixel projected to source camera,,False,,,
REDUCED_M110840613RE.echo.cal__REDUCED_M110860982RE.echo.cal,10,loftr,deep-learning,0.9,texture probe keypoint count or density below hard threshold; route to LoFTR,right_failed,,0.5705293873298305,327,0,0.011431168286373488,0.0,nearest_projectable_pixel,nearest pixel projected to source camera,,True,1.6500845394667039,88.3499154605333,232.51400128723714,no_projectable_pixel,no pixel projected to source camera,,False,,,
REDUCED_M110840613RE.echo.cal__REDUCED_M110860982RE.echo.cal,11,sift_lightglue,deep-learning,0.6,moderate texture or moderate physical illumination difference; route to SIFT + LightGlue,ok,0.00147555370897776,0.4676855270142213,850,302,0.0032275090085472032,0.002887410126969558,nearest_projectable_pixel,nearest pixel projected to source camera,,True,1.9026443340668493,88.09735566593315,233.19470756670535,nearest_projectable_pixel,nearest pixel projected to source camera,,True,1.909617187226985,88.09038281277302,232.4257999764979
REDUCED_M110840613RE.echo.cal__REDUCED_M110860982RE.echo.cal,12,sift_flann,asp360_new,0.85,rich texture and small physical illumination difference; route to SIFT + FLANN,ok,0.0020338410589451537,0.26509972583402786,2256,2298,0.007564377682403434,0.008012077387323624,center_projectable,center pixel projected to source camera,,True,2.132645906650339,87.86735409334966,233.41725506098453,nearest_projectable_pixel,nearest pixel projected to source camera,,True,2.1678000100812653,87.83219998991873,232.45959730287785
REDUCED_M110840613RE.echo.cal__REDUCED_M110860982RE.echo.cal,13,sift_flann,asp360_new,0.85,rich texture and small physical illumination difference; route to SIFT + FLANN,ok,0.002124400244706132,0.21854268358750983,1200,2020,0.008309213532939107,0.0070873711466805135,nearest_projectable_pixel,nearest pixel projected to source camera,,True,2.38154639918055,87.61845360081945,232.0594493149307,nearest_projectable_pixel,nearest pixel projected to source camera,,True,2.3965173432362548,87.60348265676375,233.1467416708492
REDUCED_M110840613RE.echo.cal__REDUCED_M110860982RE.echo.cal,14,loftr,deep-learning,0.9,texture probe keypoint count or density below hard threshold; route to LoFTR,left_failed,,0.695027450799441,0,780,0.0,0.005270804473426361,no_projectable_pixel,no pixel projected to source camera,,False,,,,nearest_projectable_pixel,nearest pixel projected to source camera,,True,2.6543941538214,87.3456058461786,231.64402255841074
REDUCED_M110840613RE.echo.cal__REDUCED_M110860982RE.echo.cal,15,loftr,deep-learning,0.9,texture probe keypoint count or density below hard threshold; route to LoFTR,both_failed,,1.0,0,0,0.0,0.0,no_projectable_pixel,no pixel projected to source camera,,False,,,,no_projectable_pixel,no pixel projected to source camera,,False,,,
REDUCED_M110840613RE.echo.cal__REDUCED_M110860982RE.echo.cal,16,loftr,deep-learning,0.9,texture probe keypoint count or density below hard threshold; route to LoFTR,right_failed,,0.5323933954744199,85,0,0.00855388950387441,0.0,nearest_projectable_pixel,nearest pixel projected to source camera,,True,2.2933959180402326,87.70660408195977,233.13595119933208,no_projectable_pixel,no pixel projected to source camera,,False,,,
REDUCED_M110840613RE.echo.cal__REDUCED_M110860982RE.echo.cal,17,sift_flann,asp360_new,0.85,rich texture and small physical illumination difference; route to SIFT + FLANN,ok,0.001874152288551906,0.2251378016272595,652,342,0.002896194524770903,0.024650425255874298,nearest_projectable_pixel,nearest pixel projected to source camera,,True,2.524183880131119,87.47581611986888,232.87792274576654,nearest_projectable_pixel,nearest pixel projected to source camera,,True,2.5419369415188413,87.45806305848116,231.9368927554994
REDUCED_M110840613RE.echo.cal__REDUCED_M110860982RE.echo.cal,18,sift_flann,asp360_new,0.85,rich texture and small physical illumination difference; route to SIFT + FLANN,ok,0.0007298970798083709,0.09028617660549076,4112,3215,0.014107992012790515,0.014531270480503691,center_projectable,center pixel projected to source camera,,True,2.7609909160551354,87.23900908394486,232.86998707642977,nearest_projectable_pixel,nearest pixel projected to source camera,,True,2.786012945779248,87.21398705422075,232.5759307722297
REDUCED_M110840613RE.echo.cal__REDUCED_M110860982RE.echo.cal,19,sift_flann,asp360_new,0.85,rich texture and small physical illumination difference; route to SIFT + FLANN,ok,0.00039460926482301294,0.020460856752083423,4253,6184,0.02207332516763894,0.02128450471535761,nearest_projectable_pixel,nearest pixel projected to source camera,,True,3.003707077732656,86.99629292226734,233.18048118818348,center_projectable,center pixel projected to source camera,,True,3.0334579793698566,86.96654202063014,233.2745665846391
REDUCED_M110840613RE.echo.cal__REDUCED_M110860982RE.echo.cal,20,sift_flann,asp360_new,0.85,rich texture and small physical illumination difference; route to SIFT + FLANN,ok,0.0009228758310676974,0.31204203415868426,23,403,0.011788826242952332,0.0014933558633672024,nearest_projectable_pixel,nearest pixel projected to source camera,,True,3.201260561276456,86.79873943872354,233.9017882587415,nearest_projectable_pixel,nearest pixel projected to source camera,,True,3.2706326864900177,86.72936731350998,233.6809238108192
REDUCED_M110840613RE.echo.cal__REDUCED_M110860982RE.echo.cal,21,loftr,deep-learning,0.9,texture probe keypoint count or density below hard threshold; route to LoFTR,left_failed,,0.513839220980924,0,340,0.0,0.007498731832116627,no_projectable_pixel,no pixel projected to source camera,,False,,,,nearest_projectable_pixel,nearest pixel projected to source camera,,True,3.5255542538623814,86.47444574613762,233.27694502438356
REDUCED_M110840613RE.echo.cal__REDUCED_M110860982RE.echo.cal,22,loftr,deep-learning,0.9,texture probe keypoint count or density below hard threshold; route to LoFTR,right_failed,,0.5101416949861395,1137,0,0.025685627795599332,0.0,nearest_projectable_pixel,nearest pixel projected to source camera,,True,2.8709225403717937,87.1290774596282,233.341865464735,no_projectable_pixel,no pixel projected to source camera,,False,,,
REDUCED_M110840613RE.echo.cal__REDUCED_M110860982RE.echo.cal,23,sift_flann,asp360_new,0.85,rich texture and small physical illumination difference; route to SIFT + FLANN,ok,0.0014330020141788628,0.040719448073365916,3234,160,0.011659852467172865,0.013474818932120599,nearest_projectable_pixel,nearest pixel projected to source camera,,True,3.126214925990027,86.87378507400997,234.03138226621292,nearest_projectable_pixel,nearest pixel projected to source camera,,True,3.1457419985309656,86.85425800146903,233.33566946872008
REDUCED_M110840613RE.echo.cal__REDUCED_M110860982RE.echo.cal,24,superpoint_lightglue,deep-learning,0.65,weak-to-moderate texture with non-extreme illumination; route to SuperPoint + LightGlue,ok,0.0012246262525538727,0.6221104757670854,702,224,0.0022945525622503613,0.0010042591347231562,center_projectable,center pixel projected to source camera,,True,3.348954016070138,86.65104598392986,234.2058066813031,nearest_projectable_pixel,nearest pixel projected to source camera,,True,3.3845115155658902,86.61548848443411,233.68673850290702
REDUCED_M110840613RE.echo.cal__REDUCED_M110860982RE.echo.cal,25,sift_flann,asp360_new,0.85,rich texture and small physical illumination difference; route to SIFT + FLANN,ok,0.0004886912361568661,0.3259444373141994,1150,1653,0.009013033630371573,0.0055725237160945814,nearest_projectable_pixel,nearest pixel projected to source camera,,True,3.6016471962680043,86.398352803732,233.63717887357691,center_projectable,center pixel projected to source camera,,True,3.6329316829867935,86.3670683170132,233.77593419422647
REDUCED_M110840613RE.echo.cal__REDUCED_M110860982RE.echo.cal,26,sift_flann,asp360_new,0.85,rich texture and small physical illumination difference; route to SIFT + FLANN,ok,0.00046752034490211785,0.22823541703821282,388,1613,0.014023927422561174,0.005432531195796777,nearest_projectable_pixel,nearest pixel projected to source camera,,True,3.7128950315290297,86.28710496847097,233.76578337202628,center_projectable,center pixel projected to source camera,,True,3.732603084014869,86.26739691598513,233.5921545957225
REDUCED_M110860982RE.echo.cal__REDUCED_M110881352RE.echo.cal,0,sift_flann,asp360_new,0.85,rich texture and small physical illumination difference; route to SIFT + FLANN,ok,0.002155954398292621,0.03593680267261112,5532,4391,0.02047364739582755,0.016037253469685903,nearest_projectable_pixel,nearest pixel projected to source camera,,True,0.6789918673488273,89.32100813265117,232.87195546021354,nearest_projectable_pixel,nearest pixel projected to source camera,,True,0.6919350654049339,89.30806493459507,233.98439804306713
REDUCED_M110860982RE.echo.cal__REDUCED_M110881352RE.echo.cal,1,superpoint_lightglue,deep-learning,0.65,weak-to-moderate texture with non-extreme illumination; route to SuperPoint + LightGlue,ok,0.003242405729689429,0.6507650401883133,138,989,0.0004836403398099083,0.0035265759051782545,center_projectable,center pixel projected to source camera,,True,0.9117555170183635,89.08824448298164,232.6370076685781,center_projectable,center pixel projected to source camera,,True,0.9305308099100245,89.06946919008998,234.31280559104374
REDUCED_M110860982RE.echo.cal__REDUCED_M110881352RE.echo.cal,2,sift_flann,asp360_new,0.85,rich texture and small physical illumination difference; route to SIFT + FLANN,ok,0.0034547494390722547,0.03794694496604056,2419,2734,0.01319622497408761,0.013081464894400903,nearest_projectable_pixel,nearest pixel projected to source camera,,True,1.165039325052689,88.83496067494731,232.5591025279721,nearest_projectable_pixel,nearest pixel projected to source camera,,True,1.188116233147852,88.81188376685215,234.33235959269047
REDUCED_M110860982RE.echo.cal__REDUCED_M110881352RE.echo.cal,3,sift_flann,asp360_new,0.85,rich texture and small physical illumination difference; route to SIFT + FLANN,ok,0.002452606929081732,0.021300082310455326,14,58,0.0062752129090094125,0.004441721550007658,nearest_projectable_pixel,nearest pixel projected to source camera,,True,1.3647227863037301,88.63527721369627,232.24848588593977,nearest_projectable_pixel,nearest pixel projected to source camera,,True,1.435022955620937,88.56497704437906,233.29169295037508
REDUCED_M110860982RE.echo.cal__REDUCED_M110881352RE.echo.cal,4,loftr,deep-learning,0.9,texture probe keypoint count or density below hard threshold; route to LoFTR,both_failed,,1.0,0,0,0.0,0.0,no_projectable_pixel,no pixel projected to source camera,,False,,,,no_projectable_pixel,no pixel projected to source camera,,False,,,
REDUCED_M110860982RE.echo.cal__REDUCED_M110881352RE.echo.cal,5,sift_flann,asp360_new,0.85,rich texture and small physical illumination difference; route to SIFT + FLANN,ok,0.004632916060654679,0.007659194480389209,104,28,0.02410755679184052,0.01646090534979424,nearest_projectable_pixel,nearest pixel projected to source camera,,True,1.0861032872430343,88.91389671275697,232.48831804133536,nearest_projectable_pixel,nearest pixel projected to source camera,,True,1.1167900788828717,88.88320992111713,234.86734554752954
REDUCED_M110860982RE.echo.cal__REDUCED_M110881352RE.echo.cal,6,sift_flann,asp360_new,0.85,rich texture and small physical illumination difference; route to SIFT + FLANN,ok,0.002387177468913577,0.027943385335942872,4620,3207,0.02395184745472738,0.01923584452975048,nearest_projectable_pixel,nearest pixel projected to source camera,,True,1.2968226276320962,88.7031773723679,232.1352779210905,nearest_projectable_pixel,nearest pixel projected to source camera,,True,1.3088965359704474,88.69110346402955,233.37605812095043
REDUCED_M110860982RE.echo.cal__REDUCED_M110881352RE.echo.cal,7,sift_lightglue,deep-learning,0.6,moderate texture or moderate physical illumination difference; route to SIFT + LightGlue,ok,0.0009193526857347723,0.46199271208058157,514,1686,0.0018112622454013673,0.006059429852934835,center_projectable,center pixel projected to source camera,,True,1.5496416243720432,88.45035837562796,232.4219862816133,nearest_projectable_pixel,nearest pixel projected to source camera,,True,1.5727848721395645,88.42721512786044,232.0181088223866
REDUCED_M110860982RE.echo.cal__REDUCED_M110881352RE.echo.cal,8,sift_flann,asp360_new,0.85,rich texture and small physical illumination difference; route to SIFT + FLANN,ok,0.002606884348639253,0.2416650399055762,1920,2839,0.007007452717942729,0.010137366855559483,nearest_projectable_pixel,nearest pixel projected to source camera,,True,1.7837973475281927,88.21620265247181,232.53674483483115,center_projectable,center pixel projected to source camera,,True,1.8065526132418057,88.1934473867582,231.2200483494204
REDUCED_M110860982RE.echo.cal__REDUCED_M110881352RE.echo.cal,9,sift_flann,asp360_new,0.85,rich texture and small physical illumination difference; route to SIFT + FLANN,ok,0.004981086751850386,0.17186054500590942,1022,1347,0.01492842535787321,0.006533189768064488,nearest_projectable_pixel,nearest pixel projected to source camera,,True,2.040664632420146,87.95933536757985,233.1397135141329,nearest_projectable_pixel,nearest pixel projected to source camera,,True,2.0685615728823876,87.93143842711761,230.56151442998265
REDUCED_M110860982RE.echo.cal__REDUCED_M110881352RE.echo.cal,10,loftr,deep-learning,0.9,texture probe keypoint count or density below hard threshold; route to LoFTR,both_failed,,1.0,0,0,0.0,0.0,no_projectable_pixel,no pixel projected to source camera,,False,,,,no_projectable_pixel,no pixel projected to source camera,,False,,,
REDUCED_M110860982RE.echo.cal__REDUCED_M110881352RE.echo.cal,11,loftr,deep-learning,0.9,texture probe keypoint count or density below hard threshold; route to LoFTR,both_failed,,1.0,0,0,0.0,0.0,no_projectable_pixel,no pixel projected to source camera,,False,,,,no_projectable_pixel,no pixel projected to source camera,,False,,,
REDUCED_M110860982RE.echo.cal__REDUCED_M110881352RE.echo.cal,12,sift_lightglue,deep-learning,0.6,moderate texture or moderate physical illumination difference; route to SIFT + LightGlue,ok,0.002865756008338586,0.4371982024226817,61,16,0.0009050713671028814,0.0031280547409579668,nearest_projectable_pixel,nearest pixel projected to source camera,,True,1.9155858717362975,88.0844141282637,232.46752718516757,nearest_projectable_pixel,nearest pixel projected to source camera,,True,1.9727699009620494,88.02723009903795,231.14875505756774
REDUCED_M110860982RE.echo.cal__REDUCED_M110881352RE.echo.cal,13,sift_flann,asp360_new,0.85,rich texture and small physical illumination difference; route to SIFT + FLANN,ok,0.00393333599654708,0.14791794730353092,2306,2936,0.008366439909297052,0.01643326504796767,nearest_projectable_pixel,nearest pixel projected to source camera,,True,2.174480330072498,87.8255196699275,232.41727910133682,nearest_projectable_pixel,nearest pixel projected to source camera,,True,2.1857944138634906,87.81420558613651,230.33853399836536
REDUCED_M110860982RE.echo.cal__REDUCED_M110881352RE.echo.cal,14,sift_flann,asp360_new,0.85,rich texture and small physical illumination difference; route to SIFT + FLANN,ok,0.009460719898073617,0.26702557708588914,2027,1833,0.0071119313437234665,0.006587340662184064,center_projectable,center pixel projected to source camera,,True,2.408194107895156,87.59180589210484,233.2990869049113,nearest_projectable_pixel,nearest pixel projected to source camera,,True,2.446958824134768,87.55304117586523,228.34535702491
REDUCED_M110860982RE.echo.cal__REDUCED_M110881352RE.echo.cal,15,sift_flann,asp360_new,0.85,rich texture and small physical illumination difference; route to SIFT + FLANN,ok,0.011868950783668899,0.24411632257405413,1477,3085,0.007865587389498349,0.011141407392693982,nearest_projectable_pixel,nearest pixel projected to source camera,,True,2.661073523324518,87.33892647667548,231.64429418903939,center_projectable,center pixel projected to source camera,,True,2.682486710945156,87.31751328905484,225.32071351634073
REDUCED_M110860982RE.echo.cal__REDUCED_M110881352RE.echo.cal,16,sift_flann,asp360_new,0.85,rich texture and small physical illumination difference; route to SIFT + FLANN,ok,0.0005581929016427819,0.0157205218739781,51,5807,0.014761215629522432,0.024321596253963202,nearest_projectable_pixel,nearest pixel projected to source camera,,True,2.8679617182147723,87.13203828178523,232.43595479529046,nearest_projectable_pixel,nearest pixel projected to source camera,,True,2.9384246018649662,87.06157539813503,232.41638216300413
REDUCED_M110860982RE.echo.cal__REDUCED_M110881352RE.echo.cal,17,loftr,deep-learning,0.9,texture probe keypoint count or density below hard threshold; route to LoFTR,left_failed,,0.5259018788059404,0,626,0.0,0.018218328919414453,no_projectable_pixel,no pixel projected to source camera,,False,,,,nearest_projectable_pixel,nearest pixel projected to source camera,,True,3.200353343149615,86.79964665685038,233.14104150285223
REDUCED_M110860982RE.echo.cal__REDUCED_M110881352RE.echo.cal,18,loftr,deep-learning,0.9,texture probe keypoint count or density below hard threshold; route to LoFTR,both_failed,,1.0,0,0,0.0,0.0,no_projectable_pixel,no pixel projected to source camera,,False,,,,no_projectable_pixel,no pixel projected to source camera,,False,,,
REDUCED_M110860982RE.echo.cal__REDUCED_M110881352RE.echo.cal,19,loftr,deep-learning,0.9,texture probe keypoint count or density below hard threshold; route to LoFTR,right_failed,,0.5042636928969734,51,0,0.017592273197654364,0.0,nearest_projectable_pixel,nearest pixel projected to source camera,,True,2.5889411387120873,87.41105886128791,232.9161447913882,no_projectable_pixel,no pixel projected to source camera,,False,,,
REDUCED_M110860982RE.echo.cal__REDUCED_M110881352RE.echo.cal,20,loftr,deep-learning,0.9,texture probe keypoint count or density below hard threshold; route to LoFTR,ok,0.0016352603202018708,0.24567970607264633,3054,0,0.016480047486711814,0.0,nearest_projectable_pixel,nearest pixel projected to source camera,,True,2.7926922231599036,87.2073077768401,232.7976692882117,nearest_projectable_pixel,nearest pixel projected to source camera,,True,2.8916005373798015,87.1083994626202,232.31026197218227
REDUCED_M110860982RE.echo.cal__REDUCED_M110881352RE.echo.cal,21,sift_flann,asp360_new,0.85,rich texture and small physical illumination difference; route to SIFT + FLANN,ok,0.00046372075289366634,0.025973004894905394,6184,2765,0.02128450471535761,0.020153355005175004,center_projectable,center pixel projected to source camera,,True,3.045958617514515,86.95404138248549,233.1203164900752,nearest_projectable_pixel,nearest pixel projected to source camera,,True,3.056479543650113,86.94352045634989,232.911990988055
REDUCED_M110860982RE.echo.cal__REDUCED_M110881352RE.echo.cal,22,sift_lightglue,deep-learning,0.6,moderate texture or moderate physical illumination difference; route to SIFT + LightGlue,ok,0.0006041819753197804,0.530673459626408,395,1016,0.0013739608334202929,0.0034620823607585233,nearest_projectable_pixel,nearest pixel projected to source camera,,True,3.277310572880012,86.72268942711999,233.54515725354338,nearest_projectable_pixel,nearest pixel projected to source camera,,True,3.319287228153172,86.68071277184683,233.38680560796334
REDUCED_M110860982RE.echo.cal__REDUCED_M110881352RE.echo.cal,23,superpoint_lightglue,deep-learning,0.65,weak-to-moderate texture with non-extreme illumination; route to SuperPoint + LightGlue,ok,0.0006561423500420566,0.6607854404699379,27,624,0.0003529734746970311,0.0021271156107787494,nearest_projectable_pixel,nearest pixel projected to source camera,,True,3.536281429244468,86.46371857075553,233.41066233458736,center_projectable,center pixel projected to source camera,,True,3.558190669664185,86.44180933033581,233.6773422419312
REDUCED_M110860982RE.echo.cal__REDUCED_M110881352RE.echo.cal,24,loftr,deep-learning,0.9,texture probe keypoint count or density below hard threshold; route to LoFTR,left_failed,,0.6924520684622207,0,1242,0.0,0.004468220590510248,no_projectable_pixel,no pixel projected to source camera,,False,,,,nearest_projectable_pixel,nearest pixel projected to source camera,,True,3.7406976266871794,86.25930237331282,232.81467864630963
REDUCED_M110860982RE.echo.cal__REDUCED_M110881352RE.echo.cal,25,loftr,deep-learning,0.9,texture probe keypoint count or density below hard threshold; route to LoFTR,both_failed,,1.0,0,0,0.0,0.0,no_projectable_pixel,no pixel projected to source camera,,False,,,,no_projectable_pixel,no pixel projected to source camera,,False,,,
REDUCED_M110860982RE.echo.cal__REDUCED_M110881352RE.echo.cal,26,loftr,deep-learning,0.9,texture probe keypoint count or density below hard threshold; route to LoFTR,both_failed,,1.0,0,0,0.0,0.0,no_projectable_pixel,no pixel projected to source camera,,False,,,,no_projectable_pixel,no pixel projected to source camera,,False,,,
REDUCED_M110860982RE.echo.cal__REDUCED_M110881352RE.echo.cal,27,loftr,deep-learning,0.9,texture probe keypoint count or density below hard threshold; route to LoFTR,right_failed,,0.508612664259855,1752,0,0.018228922808003246,0.0,nearest_projectable_pixel,nearest pixel projected to source camera,,True,2.8077205293267156,87.19227947067328,232.18365038162585,no_projectable_pixel,no pixel projected to source camera,,False,,,
REDUCED_M110860982RE.echo.cal__REDUCED_M110881352RE.echo.cal,28,sift_flann,asp360_new,0.85,rich texture and small physical illumination difference; route to SIFT + FLANN,ok,0.0011899979351021536,0.019575114233118307,6118,1062,0.021310761621122665,0.022917071275975916,nearest_projectable_pixel,nearest pixel projected to source camera,,True,3.0655992082695747,86.93440079173043,233.20351454290028,nearest_projectable_pixel,nearest pixel projected to source camera,,True,3.0699062568583173,86.93009374314168,232.5781438523001
REDUCED_M110860982RE.echo.cal__REDUCED_M110881352RE.echo.cal,29,sift_lightglue,deep-learning,0.6,moderate texture or moderate physical illumination difference; route to SIFT + LightGlue,ok,0.0009111586968069112,0.5675869173076151,390,570,0.0013057146779069729,0.002193750505139919,center_projectable,center pixel projected to source camera,,True,3.294614099088932,86.70538590091107,233.84815048524064,nearest_projectable_pixel,nearest pixel projected to source camera,,True,3.3317352073394915,86.66826479266051,233.50460922196714
REDUCED_M110860982RE.echo.cal__REDUCED_M110881352RE.echo.cal,30,sift_lightglue,deep-learning,0.6,moderate texture or moderate physical illumination difference; route to SIFT + LightGlue,ok,0.0008271927590657117,0.5525764817860854,304,624,0.0018184102070236095,0.0021271156107787494,nearest_projectable_pixel,nearest pixel projected to source camera,,True,3.5503470578294696,86.44965294217053,233.2004259928618,center_projectable,center pixel projected to source camera,,True,3.5846473916593453,86.41535260834065,233.50990874743778
REDUCED_M110860982RE.echo.cal__REDUCED_M110881352RE.echo.cal,31,sift_flann,asp360_new,0.85,rich texture and small physical illumination difference; route to SIFT + FLANN,ok,0.0010806470372123748,0.23776575685054935,222,1232,0.012107329842931938,0.004223546270457802,nearest_projectable_pixel,nearest pixel projected to source camera,,True,3.73206812458956,86.26793187541044,233.33060374340306,nearest_projectable_pixel,nearest pixel projected to source camera,,True,3.75046826689848,86.24953173310152,232.82065491254406
REDUCED_M1109027420LE.echo.cal__REDUCED_M140537125RE.echo.cal,0,loftr,deep-learning,0.9,texture probe keypoint count or density below hard threshold; route to LoFTR,left_failed,,0.5124074094910497,0,4295,0.0,0.0165421989762709,no_projectable_pixel,no pixel projected to source camera,,False,,,,nearest_projectable_pixel,nearest pixel projected to source camera,,True,4.69262202627948,85.30737797372052,269.29448548054586
REDUCED_M1109027420LE.echo.cal__REDUCED_M140537125RE.echo.cal,1,sift_flann,asp360_new,0.85,rich texture and small physical illumination difference; route to SIFT + FLANN,ok,0.17051388380161378,0.020906155495659995,1038,4902,0.009575734093487947,0.01892057757552599,nearest_projectable_pixel,nearest pixel projected to source camera,,True,2.2095193421278196,87.79048065787218,185.9903999405412,nearest_projectable_pixel,nearest pixel projected to source camera,,True,4.3986990657542435,85.60130093424576,269.31117829890695
REDUCED_M1109027420LE.echo.cal__REDUCED_M140537125RE.echo.cal,2,sift_flann,asp360_new,0.85,rich texture and small physical illumination difference; route to SIFT + FLANN,ok,0.17042460530196582,0.02049559458263084,1099,4844,0.009666552321643753,0.018944001001169334,nearest_projectable_pixel,nearest pixel projected to source camera,,True,2.207767023351167,87.79223297664883,185.99931323530393,nearest_projectable_pixel,nearest pixel projected to source camera,,True,4.389091021525374,85.61090897847463,269.30330410566864
REDUCED_M1109027420LE.echo.cal__REDUCED_M140550700LE.echo.cal,0,loftr,deep-learning,0.9,texture probe keypoint count or density below hard threshold; route to LoFTR,left_failed,,0.5079693396128704,0,4087,0.0,0.015445489176442133,no_projectable_pixel,no pixel projected to source camera,,False,,,,nearest_projectable_pixel,nearest pixel projected to source camera,,True,5.5428864812189005,84.4571135187811,269.3928130972399
REDUCED_M1109027420LE.echo.cal__REDUCED_M140550700LE.echo.cal,1,loftr,deep-learning,0.9,texture probe keypoint count or density below hard threshold; route to LoFTR,left_failed,,0.506739432638193,0,4403,0.0,0.016663071409378703,no_projectable_pixel,no pixel projected to source camera,,False,,,,center_projectable,center pixel projected to source camera,,True,5.25040975021092,84.74959024978908,269.3341542467231
REDUCED_M1109027420LE.echo.cal__REDUCED_M140550700LE.echo.cal,2,loftr,deep-learning,0.9,texture probe keypoint count or density below hard threshold; route to LoFTR,left_failed,,0.5152546065978261,0,4054,0.0,0.015348735073411932,no_projectable_pixel,no pixel projected to source camera,,False,,,,center_projectable,center pixel projected to source camera,,True,4.957625461652071,85.04237453834793,269.106444903663
REDUCED_M1109027420LE.echo.cal__REDUCED_M140550700LE.echo.cal,3,sift_flann,asp360_new,0.85,rich texture and small physical illumination difference; route to SIFT + FLANN,ok,0.17127234936255067,0.013953043879313287,258,4621,0.007317488229621646,0.01755892556550684,nearest_projectable_pixel,nearest pixel projected to source camera,,True,2.278869287688565,87.72113071231144,186.00736668769963,nearest_projectable_pixel,nearest pixel projected to source camera,,True,4.6646915240651765,85.33530847593482,268.95114639797055
REDUCED_M1109027420LE.echo.cal__REDUCED_M140550700LE.echo.cal,4,sift_flann,asp360_new,0.85,rich texture and small physical illumination difference; route to SIFT + FLANN,ok,0.16971102844429445,0.02092916271401124,2023,4853,0.010408091866973987,0.01866272876552183,nearest_projectable_pixel,nearest pixel projected to source camera,,True,2.214273404973582,87.78572659502642,185.99946500070348,nearest_projectable_pixel,nearest pixel projected to source camera,,True,4.373810649482081,85.62618935051792,269.0052713825885
REDUCED_M1109027420LE.echo.cal__REDUCED_M140550700LE.echo.cal,5,sift_flann,asp360_new,0.85,rich texture and small physical illumination difference; route to SIFT + FLANN,ok,0.16967160293674644,0.021079602263480046,2016,4788,0.010337083260693446,0.018557995674452137,nearest_projectable_pixel,nearest pixel projected to source camera,,True,2.213322610690966,87.78667738930903,186.0175247174648,nearest_projectable_pixel,nearest pixel projected to source camera,,True,4.36915035393902,85.63084964606098,269.01687933031565
REDUCED_M1109027420LE.echo.cal__REDUCED_M140550700LE.echo.cal,6,loftr,deep-learning,0.9,texture probe keypoint count or density below hard threshold; route to LoFTR,left_failed,,0.5079693396128704,0,4084,0.0,0.015434151650743742,no_projectable_pixel,no pixel projected to source camera,,False,,,,nearest_projectable_pixel,nearest pixel projected to source camera,,True,5.5428864812189005,84.4571135187811,269.3928130972399
REDUCED_M1109027420LE.echo.cal__REDUCED_M140550700LE.echo.cal,7,loftr,deep-learning,0.9,texture probe keypoint count or density below hard threshold; route to LoFTR,left_failed,,0.506739432638193,0,4403,0.0,0.016663071409378703,no_projectable_pixel,no pixel projected to source camera,,False,,,,center_projectable,center pixel projected to source camera,,True,5.2507452725625825,84.74925472743742,269.32235586177626
REDUCED_M1109027420LE.echo.cal__REDUCED_M140550700LE.echo.cal,8,loftr,deep-learning,0.9,texture probe keypoint count or density below hard threshold; route to LoFTR,left_failed,,0.5152546065978261,0,4054,0.0,0.015348735073411932,no_projectable_pixel,no pixel projected to source camera,,False,,,,center_projectable,center pixel projected to source camera,,True,4.957960859330456,85.04203914066954,269.09296363700344
REDUCED_M1109027420LE.echo.cal__REDUCED_M140550700LE.echo.cal,9,sift_flann,asp360_new,0.85,rich texture and small physical illumination difference; route to SIFT + FLANN,ok,0.17127234936255067,0.013930340065711588,293,4621,0.007614938794604569,0.01755892556550684,nearest_projectable_pixel,nearest pixel projected to source camera,,True,2.278869287688565,87.72113071231144,186.00736668769963,nearest_projectable_pixel,nearest pixel projected to source camera,,True,4.6646915240651765,85.33530847593482,268.95114639797055
REDUCED_M1109027420LE.echo.cal__REDUCED_M140550700LE.echo.cal,10,sift_flann,asp360_new,0.85,rich texture and small physical illumination difference; route to SIFT + FLANN,ok,0.16971102844429445,0.021015206422598465,2015,4838,0.010300161531069172,0.01861313306966652,nearest_projectable_pixel,nearest pixel projected to source camera,,True,2.214273404973582,87.78572659502642,185.99946500070348,nearest_projectable_pixel,nearest pixel projected to source camera,,True,4.373810649482081,85.62618935051792,269.0052713825885
REDUCED_M1109027420LE.echo.cal__REDUCED_M140550700LE.echo.cal,11,sift_flann,asp360_new,0.85,rich texture and small physical illumination difference; route to SIFT + FLANN,ok,0.16969800393606282,0.02115135384925315,2017,4786,0.010279592689614401,0.01855837201276518,nearest_projectable_pixel,nearest pixel projected to source camera,,True,2.214273404973582,87.78572659502642,185.99946500070348,nearest_projectable_pixel,nearest pixel projected to source camera,,True,4.36915035393902,85.63084964606098,269.01687933031565
REDUCED_M1137240043RE.echo.cal__REDUCED_M1137247155LE.echo.cal,0,sift_flann,asp360_new,0.85,rich texture and small physical illumination difference; route to SIFT + FLANN,ok,0.0008500486027169582,0.02188906493575271,2285,1684,0.01163921984117686,0.013323733493682304,nearest_projectable_pixel,nearest pixel projected to source camera,,True,8.440678065377412,81.55932193462259,205.7544481365355,nearest_projectable_pixel,nearest pixel projected to source camera,,True,8.46178378947846,81.53821621052154,206.12905148559847
REDUCED_M1137240043RE.echo.cal__REDUCED_M1137247155LE.echo.cal,1,sift_flann,asp360_new,0.85,rich texture and small physical illumination difference; route to SIFT + FLANN,ok,0.0007652269655459327,0.019177462921300625,3713,2718,0.016494598052455754,0.011951875890454329,nearest_projectable_pixel,nearest pixel projected to source camera,,True,8.240984077146962,81.75901592285304,205.7802229998081,nearest_projectable_pixel,nearest pixel projected to source camera,,True,8.266711148126674,81.73328885187333,206.09053727728406
REDUCED_M1137240043RE.echo.cal__REDUCED_M1137247155LE.echo.cal,2,sift_flann,asp360_new,0.85,rich texture and small physical illumination difference; route to SIFT + FLANN,ok,0.001149280560198128,0.021054223464752053,2714,2666,0.012066351595879479,0.011728734519698202,center_projectable,center pixel projected to source camera,,True,7.997075684748339,82.00292431525166,205.8451088868897,center_projectable,center pixel projected to source camera,,True,8.039763059812003,81.960236940188,206.29497088914204
REDUCED_M1137240043RE.echo.cal__REDUCED_M1137247155LE.echo.cal,3,sift_flann,asp360_new,0.85,rich texture and small physical illumination difference; route to SIFT + FLANN,ok,0.0003756867409288555,0.013062139736216616,2695,2604,0.012346414271447028,0.011820835357189873,nearest_projectable_pixel,nearest pixel projected to source camera,,True,7.806902678736776,82.19309732126322,205.71548062711926,nearest_projectable_pixel,nearest pixel projected to source camera,,True,7.833237394189084,82.16676260581092,205.81301260541161
REDUCED_M1137240043RE.echo.cal__REDUCED_M1137247155LE.echo.cal,4,sift_flann,asp360_new,0.85,rich texture and small physical illumination difference; route to SIFT + FLANN,ok,0.0009773562435266621,0.01434770583066114,1866,789,0.011607292813555527,0.011819516433472151,nearest_projectable_pixel,nearest pixel projected to source camera,,True,8.647032373647988,81.35296762635201,205.68162348128487,nearest_projectable_pixel,nearest pixel projected to source camera,,True,8.671128376316744,81.32887162368326,206.11301184211425
REDUCED_M1137240043RE.echo.cal__REDUCED_M1137247155LE.echo.cal,5,sift_flann,asp360_new,0.85,rich texture and small physical illumination difference; route to SIFT + FLANN,ok,0.0008949947161458685,0.02129108567019322,2722,2630,0.012083385123497345,0.011903199380852596,nearest_projectable_pixel,nearest pixel projected to source camera,,True,8.449432841982215,81.55056715801778,205.74974132688638,nearest_projectable_pixel,nearest pixel projected to source camera,,True,8.474153612842713,81.52584638715729,206.13415539016316
REDUCED_M1137240043RE.echo.cal__REDUCED_M1137247155LE.echo.cal,6,sift_flann,asp360_new,0.85,rich texture and small physical illumination difference; route to SIFT + FLANN,ok,0.0006984624378206292,0.019177462921300625,3713,2718,0.016494598052455754,0.011951875890454329,center_projectable,center pixel projected to source camera,,True,8.219717151735551,81.78028284826445,206.09262798454887,center_projectable,center pixel projected to source camera,,True,8.265867721479054,81.73413227852095,206.285195421998
REDUCED_M1137240043RE.echo.cal__REDUCED_M1137247155LE.echo.cal,7,sift_flann,asp360_new,0.85,rich texture and small physical illumination difference; route to SIFT + FLANN,ok,0.0004059354611746989,0.021053683497527564,2719,2666,0.012097348282612564,0.011728734519698202,nearest_projectable_pixel,nearest pixel projected to source camera,,True,8.004700620709443,81.99529937929056,205.7347190205282,nearest_projectable_pixel,nearest pixel projected to source camera,,True,8.032361860386615,81.96763813961338,205.84327921085384
REDUCED_M1137240043RE.echo.cal__REDUCED_M1137247155LE.echo.cal,8,sift_flann,asp360_new,0.85,rich texture and small physical illumination difference; route to SIFT + FLANN,ok,0.0003547544254679999,0.016875197698054123,1460,1757,0.012126447283177461,0.010919350929418857,nearest_projectable_pixel,nearest pixel projected to source camera,,True,7.817320273769241,82.18267972623076,205.7190456290505,nearest_projectable_pixel,nearest pixel projected to source camera,,True,7.84563615679933,82.15436384320067,205.79734948668286
REDUCED_M1200848465RE.echo.cal__REDUCED_M173554018LE.echo.cal,0,loftr,deep-learning,0.9,texture probe keypoint count or density below hard threshold; route to LoFTR,left_failed,,0.5070136685854274,0,2823,0.0,0.01048191563227524,no_projectable_pixel,no pixel projected to source camera,,False,,,,center_projectable,center pixel projected to source camera,,True,9.395709857119968,80.60429014288003,247.2012620448994
REDUCED_M1200848465RE.echo.cal__REDUCED_M173554018LE.echo.cal,1,loftr,deep-learning,0.9,texture probe keypoint count or density below hard threshold; route to LoFTR,left_failed,,0.5081747198699046,0,3796,0.0,0.014260865645063734,no_projectable_pixel,no pixel projected to source camera,,False,,,,center_projectable,center pixel projected to source camera,,True,9.113509064596002,80.886490935404,246.5590819537614
REDUCED_M1200848465RE.echo.cal__REDUCED_M173554018LE.echo.cal,2,sift_flann,asp360_new,0.85,rich texture and small physical illumination difference; route to SIFT + FLANN,ok,0.1481316083396973,0.01018175463062343,533,3199,0.016280277345062464,0.012453285580815945,nearest_projectable_pixel,nearest pixel projected to source camera,,True,4.033269173994739,85.96673082600526,185.06562141729577,center_projectable,center pixel projected to source camera,,True,8.890750475350274,81.10924952464973,245.62676471531017
REDUCED_M1200848465RE.echo.cal__REDUCED_M173567595LE.echo.cal,0,sift_flann,asp360_new,0.85,rich texture and small physical illumination difference; route to SIFT + FLANN,ok,0.15307439873988563,0.01441458332224932,882,2479,0.011571158690176322,0.009086044363647025,nearest_projectable_pixel,nearest pixel projected to source camera,,True,4.2017553441932165,85.79824465580678,185.60525786330746,center_projectable,center pixel projected to source camera,,True,9.48019812211541,80.51980187788459,247.15166207115692
REDUCED_M1200848465RE.echo.cal__REDUCED_M173567595LE.echo.cal,1,sift_flann,asp360_new,0.85,rich texture and small physical illumination difference; route to SIFT + FLANN,ok,0.1502998304626922,0.0316139119674691,1906,2656,0.01067195225057251,0.009799255463195605,center_projectable,center pixel projected to source camera,,True,4.115648084562196,85.8843519154378,185.48062813890664,center_projectable,center pixel projected to source camera,,True,9.19544766584957,80.80455233415043,246.32333826361094
REDUCED_M1200848465RE.echo.cal__REDUCED_M173567595LE.echo.cal,2,sift_flann,asp360_new,0.85,rich texture and small physical illumination difference; route to SIFT + FLANN,ok,0.14808490358506884,0.013751932532573452,1997,2877,0.015888928670883557,0.011079703000801034,nearest_projectable_pixel,nearest pixel projected to source camera,,True,4.0312362840573,85.9687637159427,185.1907179253805,center_projectable,center pixel projected to source camera,,True,8.971949532657902,81.0280504673421,245.39371286691528
REDUCED_M1203964116RE.echo.cal__REDUCED_M140577849LE.echo.cal,0,loftr,deep-learning,0.9,texture probe keypoint count or density below hard threshold; route to LoFTR,left_failed,,0.5118941154411062,0,2066,0.0,0.014230022178446957,no_projectable_pixel,no pixel projected to source camera,,False,,,,nearest_projectable_pixel,nearest pixel projected to source camera,,True,5.561857900856111,84.43814209914389,269.064969808382
REDUCED_M1203964116RE.echo.cal__REDUCED_M140577849LE.echo.cal,1,loftr,deep-learning,0.9,texture probe keypoint count or density below hard threshold; route to LoFTR,left_failed,,0.5094119326111526,0,4176,0.0,0.015573837742688576,no_projectable_pixel,no pixel projected to source camera,,False,,,,nearest_projectable_pixel,nearest pixel projected to source camera,,True,5.275829855457914,84.72417014454209,269.11952559241195
REDUCED_M1203964116RE.echo.cal__REDUCED_M140577849LE.echo.cal,2,sift_lightglue,deep-learning,0.6,moderate texture or moderate physical illumination difference; route to SIFT + LightGlue,ok,0.21046298896558233,0.01775876382099817,1707,4497,0.01306114329000023,0.016908049088612164,nearest_projectable_pixel,nearest pixel projected to source camera,,True,2.499020050369168,87.50097994963083,168.9849467417398,nearest_projectable_pixel,nearest pixel projected to source camera,,True,5.880575612154914,84.11942438784509,269.1087385360113
REDUCED_M1203964116RE.echo.cal__REDUCED_M140577849LE.echo.cal,3,loftr,deep-learning,0.9,texture probe keypoint count or density below hard threshold; route to LoFTR,left_failed,,0.5131597704782749,0,4216,0.0,0.015444128593617209,no_projectable_pixel,no pixel projected to source camera,,False,,,,center_projectable,center pixel projected to source camera,,True,5.592298759432666,84.40770124056733,269.00225224177933
REDUCED_M1203964116RE.echo.cal__REDUCED_M140577849LE.echo.cal,4,loftr,deep-learning,0.9,texture probe keypoint count or density below hard threshold; route to LoFTR,left_failed,,0.5094408396258145,0,4245,0.0,0.015600939363981492,no_projectable_pixel,no pixel projected to source camera,,False,,,,center_projectable,center pixel projected to source camera,,True,5.302735779432069,84.69726422056793,268.71583945551146
REDUCED_M1203964116RE.echo.cal__REDUCED_M140577849RE.echo.cal,0,loftr,deep-learning,0.9,texture probe keypoint count or density below hard threshold; route to LoFTR,left_failed,,0.5115175713959195,0,2612,0.0,0.01812843985758209,no_projectable_pixel,no pixel projected to source camera,,False,,,,nearest_projectable_pixel,nearest pixel projected to source camera,,True,5.5594866795589155,84.44051332044108,268.91485312564583
REDUCED_M1203964116RE.echo.cal__REDUCED_M140577849RE.echo.cal,1,loftr,deep-learning,0.9,texture probe keypoint count or density below hard threshold; route to LoFTR,left_failed,,0.5066303399734032,0,4318,0.0,0.01621558694190854,no_projectable_pixel,no pixel projected to source camera,,False,,,,nearest_projectable_pixel,nearest pixel projected to source camera,,True,5.270679613401711,84.72932038659829,268.963542454813
REDUCED_M1203964116RE.echo.cal__REDUCED_M140577849RE.echo.cal,2,sift_lightglue,deep-learning,0.6,moderate texture or moderate physical illumination difference; route to SIFT + LightGlue,ok,0.21032886423019767,0.018003495982968243,3206,4123,0.014560549358718164,0.015583247347673095,nearest_projectable_pixel,nearest pixel projected to source camera,,True,2.459055754439632,87.54094424556037,169.04011814455757,nearest_projectable_pixel,nearest pixel projected to source camera,,True,5.876204904998772,84.12379509500123,268.94910822662774
REDUCED_M1203964116RE.echo.cal__REDUCED_M140577849RE.echo.cal,3,loftr,deep-learning,0.9,texture probe keypoint count or density below hard threshold; route to LoFTR,ok,0.20887175625375706,0.14215352579798834,9,4948,0.0033308660251665434,0.018187632556891487,nearest_projectable_pixel,nearest pixel projected to source camera,,True,2.375544603955916,87.62445539604408,168.95630007839574,center_projectable,center pixel projected to source camera,,True,5.588570108180022,84.41142989181998,268.8949464385281
REDUCED_M1203964116RE.echo.cal__REDUCED_M140577849RE.echo.cal,4,loftr,deep-learning,0.9,texture probe keypoint count or density below hard threshold; route to LoFTR,left_failed,,0.5066464437320448,0,4386,0.0,0.01623061836213596,no_projectable_pixel,no pixel projected to source camera,,False,,,,center_projectable,center pixel projected to source camera,,True,5.298998905756079,84.70100109424392,268.7994478851217
REDUCED_M1232279241LE.echo.cal__REDUCED_M1232286275LE.echo.cal,0,sift_flann,asp360_new,0.85,rich texture and small physical illumination difference; route to SIFT + FLANN,ok,0.0003077712581977018,0.11191469152235811,1615,1936,0.014490933072526448,0.006704715465174267,nearest_projectable_pixel,nearest pixel projected to source camera,,True,2.0294764315773506,87.97052356842265,181.1781497481415,center_projectable,center pixel projected to source camera,,True,2.06089947045065,87.93910052954935,181.13764542420793
REDUCED_M1232279241LE.echo.cal__REDUCED_M1232286275LE.echo.cal,1,sift_flann,asp360_new,0.85,rich texture and small physical illumination difference; route to SIFT + FLANN,ok,0.00027518401643357454,0.05909379435457629,4263,2182,0.01359995150850037,0.010519769162902145,center_projectable,center pixel projected to source camera,,True,2.0060004164484155,87.99399958355158,181.19327982920893,nearest_projectable_pixel,nearest pixel projected to source camera,,True,1.988149841362727,88.01185015863727,181.11608276067756
REDUCED_M1232279241LE.echo.cal__REDUCED_M1232286275LE.echo.cal,2,loftr,deep-learning,0.9,texture probe keypoint count or density below hard threshold; route to LoFTR,ok,0.0003388839522083197,0.04316112862552279,1815,4,0.011918129346177335,0.007874015748031496,nearest_projectable_pixel,nearest pixel projected to source camera,,True,1.9591362372134569,88.04086376278654,181.16008027495968,nearest_projectable_pixel,nearest pixel projected to source camera,,True,1.9938916440000725,88.00610835599993,181.11610456791365
REDUCED_M1232279241LE.echo.cal__REDUCED_M1232286275LE.echo.cal,3,sift_flann,asp360_new,0.85,rich texture and small physical illumination difference; route to SIFT + FLANN,ok,0.0003576996172413858,0.06033835356031603,19,2198,0.010220548682087143,0.013235063887182822,nearest_projectable_pixel,nearest pixel projected to source camera,,True,2.042098572450442,87.95790142754956,181.1781155056718,nearest_projectable_pixel,nearest pixel projected to source camera,,True,2.0770972422188407,87.92290275778116,181.12495239143504
REDUCED_M1232279241LE.echo.cal__REDUCED_M1232286275LE.echo.cal,4,sift_flann,asp360_new,0.85,rich texture and small physical illumination difference; route to SIFT + FLANN,ok,0.000232800025152884,0.045607517267867936,2664,4418,0.011946241911398706,0.014304771279075791,nearest_projectable_pixel,nearest pixel projected to source camera,,True,2.048392357585854,87.95160764241415,181.16043951479838,center_projectable,center pixel projected to source camera,,True,2.027549908835553,87.97245009116445,181.11809729621703
REDUCED_M1232279241LE.echo.cal__REDUCED_M1232286275LE.echo.cal,5,sift_flann,asp360_new,0.85,rich texture and small physical illumination difference; route to SIFT + FLANN,ok,0.0003602252998573645,0.03947606772957435,3659,1434,0.01242158007658673,0.012434855750470425,nearest_projectable_pixel,nearest pixel projected to source camera,,True,1.9707805647014567,88.02921943529854,181.15130152094304,nearest_projectable_pixel,nearest pixel projected to source camera,,True,2.0062082838504978,87.9937917161495,181.09849073561622
REDUCED_M1232279241LE.echo.cal__REDUCED_M1232286275LE.echo.cal,6,loftr,deep-learning,0.9,texture probe keypoint count or density below hard threshold; route to LoFTR,right_failed,,0.5095087878826127,768,0,0.017300414489097134,0.0,nearest_projectable_pixel,nearest pixel projected to source camera,,True,1.9779244141470116,88.02207558585299,181.11611975926664,no_projectable_pixel,no pixel projected to source camera,,False,,,
REDUCED_M1232279241LE.echo.cal__REDUCED_M1232286275LE.echo.cal,7,sift_flann,asp360_new,0.85,rich texture and small physical illumination difference; route to SIFT + FLANN,ok,0.00034016932643815513,0.057425692784365934,691,2349,0.011313773004126008,0.009210031052978263,nearest_projectable_pixel,nearest pixel projected to source camera,,True,2.0599875544481705,87.94001244555183,181.15155666182744,nearest_projectable_pixel,nearest pixel projected to source camera,,True,2.0948416868936732,87.90515831310633,181.10728175533285
REDUCED_M1232279241LE.echo.cal__REDUCED_M1232286275LE.echo.cal,8,sift_flann,asp360_new,0.85,rich texture and small physical illumination difference; route to SIFT + FLANN,ok,0.0004893187264008353,0.04417390025285339,4307,3712,0.014261447733962908,0.013202493962490975,center_projectable,center pixel projected to source camera,,True,2.0653232540877156,87.93467674591228,181.15283426555334,nearest_projectable_pixel,nearest pixel projected to source camera,,True,2.0172446534311206,87.98275534656888,181.08091655592327
REDUCED_M1232279241LE.echo.cal__REDUCED_M1232286275LE.echo.cal,9,sift_flann,asp360_new,0.85,rich texture and small physical illumination difference; route to SIFT + FLANN,ok,0.00035398435559009746,0.1323597303951154,1066,529,0.005300766273998896,0.01617588600434211,nearest_projectable_pixel,nearest pixel projected to source camera,,True,1.9893694570466636,88.01063054295334,181.12491985563187,nearest_projectable_pixel,nearest pixel projected to source camera,,True,2.0239625021070253,87.97603749789297,181.07214048385467
REDUCED_M1232279241LE.echo.cal__REDUCED_M1232286275LE.echo.cal,10,loftr,deep-learning,0.9,texture probe keypoint count or density below hard threshold; route to LoFTR,left_failed,,0.5102818973428104,0,1314,0.0,0.016776895380608257,no_projectable_pixel,no pixel projected to source camera,,False,,,,nearest_projectable_pixel,nearest pixel projected to source camera,,True,2.105699858371011,87.89430014162899,181.0984054934819
REDUCED_M1232279241LE.echo.cal__REDUCED_M1232286275LE.echo.cal,11,sift_flann,asp360_new,0.85,rich texture and small physical illumination difference; route to SIFT + FLANN,ok,0.00025965983861871785,0.03084522434055692,2412,3747,0.014612248359756948,0.012599447197993234,nearest_projectable_pixel,nearest pixel projected to source camera,,True,2.0758333953345414,87.92416660466546,181.0895356166497,center_projectable,center pixel projected to source camera,,True,2.10519608854149,87.89480391145851,181.06677007662338
REDUCED_M1232279241LE.echo.cal__REDUCED_M1232286275LE.echo.cal,12,sift_flann,asp360_new,0.85,rich texture and small physical illumination difference; route to SIFT + FLANN,ok,0.00014998266808519207,0.1360012277465743,4596,1457,0.01568895185103006,0.007403116727385434,center_projectable,center pixel projected to source camera,,True,2.020346219332339,87.97965378066766,181.04345485266634,nearest_projectable_pixel,nearest pixel projected to source camera,,True,2.0345894231169126,87.96541057688309,181.01943702703863
REDUCED_M1232279241LE.echo.cal__REDUCED_M1232286275LE.echo.cal,13,loftr,deep-learning,0.9,texture probe keypoint count or density below hard threshold; route to LoFTR,ok,0.0003543996675954072,0.23660416037716736,1267,0,0.01399072438162544,0.0,nearest_projectable_pixel,nearest pixel projected to source camera,,True,2.007350726227074,87.99264927377293,181.0194548748581,nearest_projectable_pixel,nearest pixel projected to source camera,,True,2.03981312894895,87.96018687105105,180.95792866524408
REDUCED_M1232279241LE.echo.cal__REDUCED_M1232286275LE.echo.cal,14,loftr,deep-learning,0.9,texture probe keypoint count or density below hard threshold; route to LoFTR,right_failed,,0.5913045451735053,221,0,0.0072640021036024195,0.0,nearest_projectable_pixel,nearest pixel projected to source camera,,True,2.0091790660832487,87.99082093391675,181.04580183630085,no_projectable_pixel,no pixel projected to source camera,,False,,,
REDUCED_M1232279241LE.echo.cal__REDUCED_M1232286275LE.echo.cal,15,loftr,deep-learning,0.9,texture probe keypoint count or density below hard threshold; route to LoFTR,both_failed,,1.0,0,0,0.0,0.0,no_projectable_pixel,no pixel projected to source camera,,False,,,,no_projectable_pixel,no pixel projected to source camera,,False,,,
REDUCED_M1232279241LE.echo.cal__REDUCED_M1232286275LE.echo.cal,16,loftr,deep-learning,0.9,texture probe keypoint count or density below hard threshold; route to LoFTR,left_failed,,0.5667752733770508,0,288,0.0,0.00815102029264427,no_projectable_pixel,no pixel projected to source camera,,False,,,,nearest_projectable_pixel,nearest pixel projected to source camera,,True,2.1128688012610297,87.88713119873897,181.0541011465547
REDUCED_M1232279241LE.echo.cal__REDUCED_M1232286275LE.echo.cal,17,sift_flann,asp360_new,0.85,rich texture and small physical illumination difference; route to SIFT + FLANN,ok,0.000403402656103706,0.2023154385943461,1934,1077,0.015621340010500384,0.004021522801698226,nearest_projectable_pixel,nearest pixel projected to source camera,,True,2.0821931933679423,87.91780680663206,181.05415127859902,nearest_projectable_pixel,nearest pixel projected to source camera,,True,2.116707779302388,87.88329222069761,180.9743721880408
REDUCED_M1232279241LE.echo.cal__REDUCED_M1232286275LE.echo.cal,18,sift_lightglue,deep-learning,0.6,moderate texture or moderate physical illumination difference; route to SIFT + LightGlue,ok,0.00017781926216797585,0.5080769049982956,1322,154,0.004661873142039023,0.0006614608836086556,center_projectable,center pixel projected to source camera,,True,2.049294511971979,87.95070548802802,181.0499348455802,nearest_projectable_pixel,nearest pixel projected to source camera,,True,2.043907439661922,87.95609256033808,180.97546073324972
REDUCED_M1232279241LE.echo.cal__REDUCED_M1232286275LE.echo.cal,19,sift_flann,asp360_new,0.85,rich texture and small physical illumination difference; route to SIFT + FLANN,ok,0.00032876079177812987,0.3412376813681359,328,2251,0.0012403335287110742,0.01334036601555092,nearest_projectable_pixel,nearest pixel projected to source camera,,True,2.01221308081999,87.98778691918001,181.0194511555673,nearest_projectable_pixel,nearest pixel projected to source camera,,True,2.045605698465934,87.95439430153407,180.9754907985909
REDUCED_M1232286275LE.echo.cal__REDUCED_M1232293303LE.echo.cal,0,sift_flann,asp360_new,0.85,rich texture and small physical illumination difference; route to SIFT + FLANN,ok,0.00036740637214331136,0.039518396500368036,13,3729,0.015681544028950542,0.013069902422611036,nearest_projectable_pixel,nearest pixel projected to source camera,,True,2.073030158733289,87.92696984126671,181.12498329381634,center_projectable,center pixel projected to source camera,,True,2.1096757765881478,87.89032422341185,181.0731663242784
REDUCED_M1232286275LE.echo.cal__REDUCED_M1232293303LE.echo.cal,1,sift_flann,asp360_new,0.85,rich texture and small physical illumination difference; route to SIFT + FLANN,ok,0.0004640489470142905,0.06540905530915864,2582,2352,0.012262712709622573,0.010531406157648703,nearest_projectable_pixel,nearest pixel projected to source camera,,True,2.0787207365925724,87.92127926340743,181.11612662160897,nearest_projectable_pixel,nearest pixel projected to source camera,,True,2.0336700178304454,87.96632998216955,181.04574306526976
REDUCED_M1232286275LE.echo.cal__REDUCED_M1232293303LE.echo.cal,2,sift_flann,asp360_new,0.85,rich texture and small physical illumination difference; route to SIFT + FLANN,ok,0.00038056946036609435,0.0521916372365282,4126,32,0.013634576174850387,0.008805723720418272,center_projectable,center pixel projected to source camera,,True,2.0042958241524076,87.99570417584759,181.11042967614958,nearest_projectable_pixel,nearest pixel projected to source camera,,True,2.039505894018575,87.96049410598143,181.04576244701656
REDUCED_M1232286275LE.echo.cal__REDUCED_M1232293303LE.echo.cal,3,loftr,deep-learning,0.9,texture probe keypoint count or density below hard threshold; route to LoFTR,both_failed,,1.0,0,0,0.0,0.0,no_projectable_pixel,no pixel projected to source camera,,False,,,,no_projectable_pixel,no pixel projected to source camera,,False,,,
REDUCED_M1232286275LE.echo.cal__REDUCED_M1232293303LE.echo.cal,4,loftr,deep-learning,0.9,texture probe keypoint count or density below hard threshold; route to LoFTR,left_failed,,0.5243383802926572,0,2084,0.0,0.014125653243681075,no_projectable_pixel,no pixel projected to source camera,,False,,,,nearest_projectable_pixel,nearest pixel projected to source camera,,True,2.1219293201386193,87.87807067986138,181.05406998477005
REDUCED_M1232286275LE.echo.cal__REDUCED_M1232293303LE.echo.cal,5,sift_flann,asp360_new,0.85,rich texture and small physical illumination difference; route to SIFT + FLANN,ok,8.7878480450572e-05,0.04460247857894195,602,3785,0.015812560741771953,0.012437974433965365,nearest_projectable_pixel,nearest pixel projected to source camera,,True,2.0897376531895304,87.91026234681047,181.107229626609,center_projectable,center pixel projected to source camera,,True,2.087697371796665,87.91230262820334,181.06793637273717
REDUCED_M1232286275LE.echo.cal__REDUCED_M1232293303LE.echo.cal,6,sift_flann,asp360_new,0.85,rich texture and small physical illumination difference; route to SIFT + FLANN,ok,0.00045303437359749485,0.1575769996685049,2530,1078,0.008854853894910733,0.007086696994399011,nearest_projectable_pixel,nearest pixel projected to source camera,,True,2.096459537545641,87.90354046245436,181.0983878491984,nearest_projectable_pixel,nearest pixel projected to source camera,,True,2.05065424149268,87.94934575850732,181.0369704716676
REDUCED_M1232286275LE.echo.cal__REDUCED_M1232293303LE.echo.cal,7,loftr,deep-learning,0.9,texture probe keypoint count or density below hard threshold; route to LoFTR,right_failed,,0.5224331159139044,3169,0,0.01277055317571298,0.0,nearest_projectable_pixel,nearest pixel projected to source camera,,True,2.0188916642269135,87.98110833577309,181.08094282893637,no_projectable_pixel,no pixel projected to source camera,,False,,,
REDUCED_M1232286275LE.echo.cal__REDUCED_M1232293303LE.echo.cal,8,loftr,deep-learning,0.9,texture probe keypoint count or density below hard threshold; route to LoFTR,left_failed,,0.5314288668400452,0,2387,0.0,0.01097647897362794,no_projectable_pixel,no pixel projected to source camera,,False,,,,nearest_projectable_pixel,nearest pixel projected to source camera,,True,2.1385484126545435,87.86145158734546,181.04517311123817
REDUCED_M1232286275LE.echo.cal__REDUCED_M1232293303LE.echo.cal,9,sift_flann,asp360_new,0.85,rich texture and small physical illumination difference; route to SIFT + FLANN,ok,0.00043098416078540445,0.02152869002048785,1975,3918,0.016172617097936454,0.013178784780151769,nearest_projectable_pixel,nearest pixel projected to source camera,,True,2.1072766626255657,87.89272333737443,181.08953216931937,center_projectable,center pixel projected to source camera,,True,2.065591283701721,87.93440871629828,181.02354223819063
REDUCED_M1232286275LE.echo.cal__REDUCED_M1232293303LE.echo.cal,10,sift_flann,asp360_new,0.85,rich texture and small physical illumination difference; route to SIFT + FLANN,ok,0.00024763175018528553,0.1113301648300179,3622,660,0.012122226312794939,0.00806234883095942,center_projectable,center pixel projected to source camera,,True,2.081905397666418,87.91809460233358,181.0676604538202,nearest_projectable_pixel,nearest pixel projected to source camera,,True,2.0671313724682534,87.93286862753175,180.9930354095128
REDUCED_M1232286275LE.echo.cal__REDUCED_M1232293303LE.echo.cal,11,loftr,deep-learning,0.9,texture probe keypoint count or density below hard threshold; route to LoFTR,right_failed,,0.7176585964194692,417,0,0.0027080032210302103,0.0,nearest_projectable_pixel,nearest pixel projected to source camera,,True,2.03615567209296,87.96384432790704,181.0106329193247,no_projectable_pixel,no pixel projected to source camera,,False,,,
REDUCED_M1232286275LE.echo.cal__REDUCED_M1232293303LE.echo.cal,12,loftr,deep-learning,0.9,texture probe keypoint count or density below hard threshold; route to LoFTR,left_failed,,0.505875721252782,0,574,0.0,0.019850601742979666,no_projectable_pixel,no pixel projected to source camera,,False,,,,nearest_projectable_pixel,nearest pixel projected to source camera,,True,2.1469663688637723,87.85303363113623,181.0097649432218
REDUCED_M1232286275LE.echo.cal__REDUCED_M1232293303LE.echo.cal,13,loftr,deep-learning,0.9,texture probe keypoint count or density below hard threshold; route to LoFTR,ok,0.0003096751031599688,0.07632464552912221,3,2262,0.007317073170731708,0.008765878951814793,nearest_projectable_pixel,nearest pixel projected to source camera,,True,2.114812345111204,87.8851876548888,181.0009574586787,nearest_projectable_pixel,nearest pixel projected to source camera,,True,2.1499642096335805,87.85003579036642,180.97434036106182
REDUCED_M1232286275LE.echo.cal__REDUCED_M1232293303LE.echo.cal,14,sift_flann,asp360_new,0.85,rich texture and small physical illumination difference; route to SIFT + FLANN,ok,0.0003713916185882719,0.3185239367528805,206,3260,0.00106457197488437,0.012984012936219024,nearest_projectable_pixel,nearest pixel projected to source camera,,True,2.118512001315807,87.8814879986842,180.97438356388878,nearest_projectable_pixel,nearest pixel projected to source camera,,True,2.0768955758628067,87.9231044241372,180.9402977916631
REDUCED_M1232286275LE.echo.cal__REDUCED_M1232293303LE.echo.cal,15,sift_flann,asp360_new,0.85,rich texture and small physical illumination difference; route to SIFT + FLANN,ok,0.00034295735186673336,0.27388492424232136,3072,29,0.011183149556423575,0.0011144844548633796,center_projectable,center pixel projected to source camera,,True,2.0482593305820984,87.9517406694179,180.95944832820402,nearest_projectable_pixel,nearest pixel projected to source camera,,True,2.083179085009661,87.91682091499034,180.91393037590623
REDUCED_M1232286275LE.echo.cal__REDUCED_M1232293303LE.echo.cal,16,sift_flann,asp360_new,0.85,rich texture and small physical illumination difference; route to SIFT + FLANN,ok,0.00038280053789065957,0.24270736381269886,344,27,0.0013396473300517167,0.002840311382284873,nearest_projectable_pixel,nearest pixel projected to source camera,,True,2.0474609043449306,87.95253909565507,180.9579186766189,nearest_projectable_pixel,nearest pixel projected to source camera,,True,2.083768143822212,87.91623185617779,180.89643534406707
REDUCED_M1232286275LE.echo.cal__REDUCED_M1232293303LE.echo.cal,17,loftr,deep-learning,0.9,texture probe keypoint count or density below hard threshold; route to LoFTR,left_failed,,0.5072544605340548,0,331,0.0,0.021058658862450695,no_projectable_pixel,no pixel projected to source camera,,False,,,,nearest_projectable_pixel,nearest pixel projected to source camera,,True,2.147032411455797,87.8529675885442,181.00976759445868
REDUCED_M1232286275LE.echo.cal__REDUCED_M1232293303LE.echo.cal,18,loftr,deep-learning,0.9,texture probe keypoint count or density below hard threshold; route to LoFTR,left_failed,,0.5688228662235314,0,2145,0.0,0.008883753292579892,no_projectable_pixel,no pixel projected to source camera,,False,,,,nearest_projectable_pixel,nearest pixel projected to source camera,,True,2.150062755692872,87.84993724430713,180.9654754211283
REDUCED_M1232286275LE.echo.cal__REDUCED_M1232293303LE.echo.cal,19,sift_flann,asp360_new,0.85,rich texture and small physical illumination difference; route to SIFT + FLANN,ok,0.0005348969723403616,0.2934035762313685,219,3193,0.001278951610077438,0.01215052494986434,nearest_projectable_pixel,nearest pixel projected to source camera,,True,2.11870821760418,87.88129178239582,181.0363378460088,nearest_projectable_pixel,nearest pixel projected to source camera,,True,2.077092238935691,87.92290776106431,180.91395739561895
REDUCED_M1232286275LE.echo.cal__REDUCED_M1232293303LE.echo.cal,20,sift_flann,asp360_new,0.85,rich texture and small physical illumination difference; route to SIFT + FLANN,ok,0.0003290067989358068,0.27897102636472004,306,143,0.001103848318254621,0.0033980467172017204,center_projectable,center pixel projected to source camera,,True,2.061691438398924,87.93830856160108,181.0051821611037,nearest_projectable_pixel,nearest pixel projected to source camera,,True,2.083293393319366,87.91670660668063,180.91392630936014
REDUCED_M1232286275LE.echo.cal__REDUCED_M1232293303LE.echo.cal,21,sift_lightglue,deep-learning,0.6,moderate texture or moderate physical illumination difference; route to SIFT + LightGlue,ok,0.00039964225988966374,0.35835853195505396,187,144,0.000718617180714928,0.0072090112640801,nearest_projectable_pixel,nearest pixel projected to source camera,,True,2.047742582460515,87.95225741753949,180.95798268640036,nearest_projectable_pixel,nearest pixel projected to source camera,,True,2.084086130388201,87.9159138696118,180.88755005777068
REDUCED_M1232286275LE.echo.cal__REDUCED_M173554018LE.echo.cal,0,sift_flann,asp360_new,0.85,rich texture and small physical illumination difference; route to SIFT + FLANN,ok,0.17706652220702698,0.023992249170866953,2826,2823,0.013662404215717083,0.01048191563227524,nearest_projectable_pixel,nearest pixel projected to source camera,,True,2.021814730114869,87.97818526988513,181.08092056112523,center_projectable,center pixel projected to source camera,,True,9.395709857119968,80.60429014288003,247.2012620448994
REDUCED_M1232286275LE.echo.cal__REDUCED_M173554018LE.echo.cal,1,loftr,deep-learning,0.9,texture probe keypoint count or density below hard threshold; route to LoFTR,ok,0.17380316024535228,0.01837648601619979,10,3796,0.01845018450184502,0.014260865645063734,nearest_projectable_pixel,nearest pixel projected to source camera,,True,2.026207435613145,87.97379256438686,181.05458193720258,center_projectable,center pixel projected to source camera,,True,9.113509064596002,80.886490935404,246.5590819537614
REDUCED_M1232286275LE.echo.cal__REDUCED_M173554018RE.echo.cal,0,sift_flann,asp360_new,0.85,rich texture and small physical illumination difference; route to SIFT + FLANN,ok,0.1756066573144496,0.0162920344109303,3588,2598,0.014469667334766319,0.00971865285555568,center_projectable,center pixel projected to source camera,,True,2.087245770948698,87.9127542290513,181.10105044736622,center_projectable,center pixel projected to source camera,,True,9.361074946847637,80.63892505315236,246.83332869357326
REDUCED_M1232286275LE.echo.cal__REDUCED_M173554018RE.echo.cal,1,sift_flann,asp360_new,0.85,rich texture and small physical illumination difference; route to SIFT + FLANN,ok,0.17301165867299162,0.07071030876153983,491,2659,0.007346560134063501,0.0100637738205628,nearest_projectable_pixel,nearest pixel projected to source camera,,True,2.0300082922947666,87.96999170770523,181.0545750600447,center_projectable,center pixel projected to source camera,,True,9.078877658442707,80.9211223415573,246.2853932788684
REDUCED_M1232286275LE.echo.cal__REDUCED_M173554018RE.echo.cal,2,loftr,deep-learning,0.9,texture probe keypoint count or density below hard threshold; route to LoFTR,left_failed,,0.5079870735073645,0,2985,0.0,0.011733398322340233,no_projectable_pixel,no pixel projected to source camera,,False,,,,center_projectable,center pixel projected to source camera,,True,8.856436945336057,81.14356305466394,245.4354761887258
REDUCED_M173554018LE.echo.cal__REDUCED_M173554018RE.echo.cal,0,sift_flann,asp360_new,0.85,rich texture and small physical illumination difference; route to SIFT + FLANN,ok,0.000977499376879707,0.012245114856179518,2823,2591,0.01048191563227524,0.009713797266190287,center_projectable,center pixel projected to source camera,,True,9.395709857119968,80.60429014288003,247.2012620448994,center_projectable,center pixel projected to source camera,,True,9.361718626210276,80.63828137378972,246.80937730502313
REDUCED_M173554018LE.echo.cal__REDUCED_M173554018RE.echo.cal,1,sift_flann,asp360_new,0.85,rich texture and small physical illumination difference; route to SIFT + FLANN,ok,0.0007344018426414955,0.013468876392669804,3796,2659,0.014260865645063734,0.0100637738205628,center_projectable,center pixel projected to source camera,,True,9.113509064596002,80.886490935404,246.5590819537614,center_projectable,center pixel projected to source camera,,True,9.079521097240999,80.920478902759,246.298456828155
REDUCED_M173554018LE.echo.cal__REDUCED_M173554018RE.echo.cal,2,sift_flann,asp360_new,0.85,rich texture and small physical illumination difference; route to SIFT + FLANN,ok,0.0005401782188737637,0.012586225508552706,3201,2985,0.012448762124028716,0.011733398322340233,center_projectable,center pixel projected to source camera,,True,8.891065603795653,81.10893439620435,245.62744616701627,center_projectable,center pixel projected to source camera,,True,8.85708019735381,81.14291980264619,245.4716915545918
REDUCED_M173710225LE.echo.cal__REDUCED_M173717012LE.echo.cal,0,loftr,deep-learning,0.9,texture probe keypoint count or density below hard threshold; route to LoFTR,both_failed,,1.0,0,0,0.0,0.0,no_projectable_pixel,no pixel projected to source camera,,False,,,,no_projectable_pixel,no pixel projected to source camera,,False,,,
REDUCED_M173710225LE.echo.cal__REDUCED_M173717012LE.echo.cal,1,sift_flann,asp360_new,0.85,rich texture and small physical illumination difference; route to SIFT + FLANN,ok,0.0002452379706274091,0.004113975129040104,1834,2062,0.014503985828166518,0.015439678926560441,nearest_projectable_pixel,nearest pixel projected to source camera,,True,4.152923660084795,85.8470763399152,229.21699782688717,nearest_projectable_pixel,nearest pixel projected to source camera,,True,4.1227496091258615,85.87725039087414,229.22873012719023
REDUCED_M173710225LE.echo.cal__REDUCED_M173717012LE.echo.cal,2,sift_flann,asp360_new,0.85,rich texture and small physical illumination difference; route to SIFT + FLANN,ok,0.0009095358527254141,0.008672763667734285,4145,4495,0.015978381962353468,0.017231663325116827,center_projectable,center pixel projected to source camera,,True,3.9046144135897407,86.09538558641026,228.76725431682613,center_projectable,center pixel projected to source camera,,True,3.875123349004596,86.1248766509954,228.39406921469498
REDUCED_M173710225LE.echo.cal__REDUCED_M173717012LE.echo.cal,3,sift_flann,asp360_new,0.85,rich texture and small physical illumination difference; route to SIFT + FLANN,ok,0.0010584475796231155,0.010566728051499608,4327,3966,0.01675767785910693,0.016119330190212975,center_projectable,center pixel projected to source camera,,True,3.85510936037619,86.14489063962381,228.13034047168642,nearest_projectable_pixel,nearest pixel projected to source camera,,True,3.8267432560097348,86.17325674399027,227.67224319615576
REDUCED_M173710225LE.echo.cal__REDUCED_M173717012LE.echo.cal,4,sift_flann,asp360_new,0.85,rich texture and small physical illumination difference; route to SIFT + FLANN,ok,0.0005543239201408048,0.014328005650997677,784,887,0.013942983158156824,0.018855891668969622,nearest_projectable_pixel,nearest pixel projected to source camera,,True,4.7496917317379115,85.25030826826209,229.88456021900967,nearest_projectable_pixel,nearest pixel projected to source camera,,True,4.719792682556857,85.28020731744314,229.70482149885785
REDUCED_M173710225LE.echo.cal__REDUCED_M173717012LE.echo.cal,5,sift_flann,asp360_new,0.85,rich texture and small physical illumination difference; route to SIFT + FLANN,ok,0.0004918877453569601,0.031522126296762654,2808,3570,0.010685866723495587,0.013578584632237158,nearest_projectable_pixel,nearest pixel projected to source camera,,True,4.519787662839491,85.48021233716051,229.83272856567,nearest_projectable_pixel,nearest pixel projected to source camera,,True,4.492371799619619,85.50762820038038,229.67677263605674
REDUCED_M173710225LE.echo.cal__REDUCED_M173717012LE.echo.cal,6,sift_flann,asp360_new,0.85,rich texture and small physical illumination difference; route to SIFT + FLANN,ok,0.0004097492097631904,0.0043620138384995455,3048,2782,0.015762609311730423,0.014918169923425066,nearest_projectable_pixel,nearest pixel projected to source camera,,True,4.258723828610627,85.74127617138937,228.7543727074559,nearest_projectable_pixel,nearest pixel projected to source camera,,True,4.2332083615628875,85.76679163843711,228.63517000237474
REDUCED_M173710225LE.echo.cal__REDUCED_M173717012LE.echo.cal,7,loftr,deep-learning,0.9,texture probe keypoint count or density below hard threshold; route to LoFTR,ok,0.00016882556234634193,0.018005445459724934,19,1,0.013758146270818247,0.003816793893129771,nearest_projectable_pixel,nearest pixel projected to source camera,,True,4.064221356229979,85.93577864377002,228.3395384867141,nearest_projectable_pixel,nearest pixel projected to source camera,,True,4.049324961273356,85.95067503872664,228.30795826287357
REDUCED_M173710225LE.echo.cal__REDUCED_M173717012LE.echo.cal,8,loftr,deep-learning,0.9,texture probe keypoint count or density below hard threshold; route to LoFTR,both_failed,,1.0,0,0,0.0,0.0,no_projectable_pixel,no pixel projected to source camera,,False,,,,no_projectable_pixel,no pixel projected to source camera,,False,,,
REDUCED_M173710225LE.echo.cal__REDUCED_M173717012LE.echo.cal,9,loftr,deep-learning,0.9,texture probe keypoint count or density below hard threshold; route to LoFTR,ok,0.000631850663784319,0.02089090037937702,72,3,0.011111111111111112,0.005504587155963303,nearest_projectable_pixel,nearest pixel projected to source camera,,True,5.331516716863845,84.66848328313615,229.63980377489588,nearest_projectable_pixel,nearest pixel projected to source camera,,True,5.276766557158581,84.72323344284142,229.5176050552734
REDUCED_M173710225LE.echo.cal__REDUCED_M173717012LE.echo.cal,10,sift_flann,asp360_new,0.85,rich texture and small physical illumination difference; route to SIFT + FLANN,ok,0.00046351036090818017,0.023294152754725128,4095,3503,0.018882976270623714,0.018181346343488867,nearest_projectable_pixel,nearest pixel projected to source camera,,True,5.116952256830615,84.88304774316939,229.8060222530992,nearest_projectable_pixel,nearest pixel projected to source camera,,True,5.089481756286887,84.91051824371311,229.6656086603837
REDUCED_M173710225LE.echo.cal__REDUCED_M173717012LE.echo.cal,11,sift_flann,asp360_new,0.85,rich texture and small physical illumination difference; route to SIFT + FLANN,ok,0.0003197233335375434,0.011405746520536164,4656,5034,0.01822387656611439,0.0191862060554319,nearest_projectable_pixel,nearest pixel projected to source camera,,True,4.855625834913866,85.14437416508613,229.2793217318637,nearest_projectable_pixel,nearest pixel projected to source camera,,True,4.830743150420972,85.16925684957903,229.206201869725
REDUCED_M173710225LE.echo.cal__REDUCED_M173717012LE.echo.cal,12,sift_flann,asp360_new,0.85,rich texture and small physical illumination difference; route to SIFT + FLANN,ok,0.0008747260380774666,0.02261984302197373,562,714,0.015353093839639393,0.01643041237113402,nearest_projectable_pixel,nearest pixel projected to source camera,,True,4.6243377426823855,85.37566225731761,229.31177698208006,nearest_projectable_pixel,nearest pixel projected to source camera,,True,4.602657586990105,85.3973424130099,228.92614554428735
REDUCED_M173710225LE.echo.cal__REDUCED_M173717012LE.echo.cal,13,loftr,deep-learning,0.9,texture probe keypoint count or density below hard threshold; route to LoFTR,both_failed,,1.0,0,0,0.0,0.0,no_projectable_pixel,no pixel projected to source camera,,False,,,,no_projectable_pixel,no pixel projected to source camera,,False,,,
REDUCED_M173710225LE.echo.cal__REDUCED_M173717012LE.echo.cal,14,loftr,deep-learning,0.9,texture probe keypoint count or density below hard threshold; route to LoFTR,both_failed,,1.0,0,0,0.0,0.0,no_projectable_pixel,no pixel projected to source camera,,False,,,,no_projectable_pixel,no pixel projected to source camera,,False,,,
REDUCED_M173710225LE.echo.cal__REDUCED_M173717012LE.echo.cal,15,sift_flann,asp360_new,0.85,rich texture and small physical illumination difference; route to SIFT + FLANN,ok,0.0004633222124964589,0.014918115501698859,2678,1729,0.018788104141380834,0.017263069611406206,nearest_projectable_pixel,nearest pixel projected to source camera,,True,5.71416120187348,84.28583879812652,229.8567761990949,nearest_projectable_pixel,nearest pixel projected to source camera,,True,5.685948197066523,84.31405180293348,229.71943422357464
REDUCED_M173710225LE.echo.cal__REDUCED_M173717012LE.echo.cal,16,sift_flann,asp360_new,0.85,rich texture and small physical illumination difference; route to SIFT + FLANN,ok,0.0007996197706696059,0.011324214134781685,5131,5096,0.019005393071976767,0.0187626793518481,center_projectable,center pixel projected to source camera,,True,5.463733430626007,84.53626656937399,230.0030784102428,center_projectable,center pixel projected to source camera,,True,5.446225639928514,84.55377436007149,229.6413148968712
REDUCED_M173710225LE.echo.cal__REDUCED_M173717012LE.echo.cal,17,sift_flann,asp360_new,0.85,rich texture and small physical illumination difference; route to SIFT + FLANN,ok,0.0002750308164705841,0.013993637334596576,2036,2714,0.018681469927054183,0.02018684359287138,nearest_projectable_pixel,nearest pixel projected to source camera,,True,5.223197962021203,84.7768020379788,229.01944183087525,nearest_projectable_pixel,nearest pixel projected to source camera,,True,5.199687337736421,84.80031266226358,229.07391597463024
REDUCED_M173710225LE.echo.cal__REDUCED_M173717012LE.echo.cal,18,loftr,deep-learning,0.9,texture probe keypoint count or density below hard threshold; route to LoFTR,both_failed,,1.0,0,0,0.0,0.0,no_projectable_pixel,no pixel projected to source camera,,False,,,,no_projectable_pixel,no pixel projected to source camera,,False,,,
REDUCED_M173710225LE.echo.cal__REDUCED_M173717012LE.echo.cal,19,loftr,deep-learning,0.9,texture probe keypoint count or density below hard threshold; route to LoFTR,both_failed,,1.0,0,0,0.0,0.0,no_projectable_pixel,no pixel projected to source camera,,False,,,,no_projectable_pixel,no pixel projected to source camera,,False,,,
REDUCED_M173710225LE.echo.cal__REDUCED_M173717012LE.echo.cal,20,sift_flann,asp360_new,0.85,rich texture and small physical illumination difference; route to SIFT + FLANN,ok,0.0006026608045056458,0.02101727734275649,4474,3556,0.017950785798256277,0.016708484865570937,nearest_projectable_pixel,nearest pixel projected to source camera,,True,6.068260288674395,83.9317397113256,229.75410909907916,nearest_projectable_pixel,nearest pixel projected to source camera,,True,6.040917358595706,83.9590826414043,229.53804398496086
REDUCED_M173710225LE.echo.cal__REDUCED_M173717012LE.echo.cal,21,sift_flann,asp360_new,0.85,rich texture and small physical illumination difference; route to SIFT + FLANN,ok,0.0005021717784751866,0.014891786695233056,4272,4411,0.019505157086828085,0.017549583242157194,nearest_projectable_pixel,nearest pixel projected to source camera,,True,5.807130966654739,84.19286903334526,229.11246608235203,nearest_projectable_pixel,nearest pixel projected to source camera,,True,5.781641302730236,84.21835869726976,228.94325197767344
REDUCED_M173710225LE.echo.cal__REDUCED_M173717012LE.echo.cal,22,sift_flann,asp360_new,0.85,rich texture and small physical illumination difference; route to SIFT + FLANN,ok,0.0008468806522105654,0.017572901040960764,152,530,0.020847620353860924,0.019347302328977148,nearest_projectable_pixel,nearest pixel projected to source camera,,True,5.590972358856931,84.40902764114307,229.11284444906792,nearest_projectable_pixel,nearest pixel projected to source camera,,True,5.552004504484458,84.44799549551554,228.8114003143641
REDUCED_M173710225LE.echo.cal__REDUCED_M173717012LE.echo.cal,23,loftr,deep-learning,0.9,texture probe keypoint count or density below hard threshold; route to LoFTR,both_failed,,1.0,0,0,0.0,0.0,no_projectable_pixel,no pixel projected to source camera,,False,,,,no_projectable_pixel,no pixel projected to source camera,,False,,,
